orden_plan,numero,slug,titulo,patron,carpeta,dificultad,lista,enunciado,video_neetcode,video,estado
5,217,contains-duplicate,Contains Duplicate,Arrays y hashing,01-arrays-y-hashing,Fácil,Blind 75,https://leetcode.com/problems/contains-duplicate/,https://youtu.be/3OamzN90kPg,,pendiente
7,242,valid-anagram,Valid Anagram,Arrays y hashing,01-arrays-y-hashing,Fácil,Blind 75,https://leetcode.com/problems/valid-anagram/,https://youtu.be/9UtInBqnCgA,,pendiente
8,1,two-sum,Two Sum,Arrays y hashing,01-arrays-y-hashing,Fácil,Blind 75,https://leetcode.com/problems/two-sum/,https://youtu.be/KLlXCFG5TnA,,pendiente
9,49,group-anagrams,Group Anagrams,Arrays y hashing,01-arrays-y-hashing,Media,Blind 75,https://leetcode.com/problems/group-anagrams/,https://youtu.be/vzdNOK2oB2E,,pendiente
11,347,top-k-frequent-elements,Top K Frequent Elements,Arrays y hashing,01-arrays-y-hashing,Media,Blind 75,https://leetcode.com/problems/top-k-frequent-elements/,https://youtu.be/YPTqKIgVk-k,,pendiente
12,238,product-of-array-except-self,Product of Array Except Self,Arrays y hashing,01-arrays-y-hashing,Media,Blind 75,https://leetcode.com/problems/product-of-array-except-self/,https://youtu.be/bNvIQI2wAjk,,pendiente
13,36,valid-sudoku,Valid Sudoku,Arrays y hashing,01-arrays-y-hashing,Media,NeetCode 150,https://leetcode.com/problems/valid-sudoku/,https://youtu.be/TjFXEUCMqI8,,pendiente
15,271,encode-and-decode-strings,Encode and Decode Strings,Arrays y hashing,01-arrays-y-hashing,Media,Blind 75,https://www.lintcode.com/problem/659/,https://youtu.be/B1k_sxOSgv8,,pendiente
16,128,longest-consecutive-sequence,Longest Consecutive Sequence,Arrays y hashing,01-arrays-y-hashing,Media,Blind 75,https://leetcode.com/problems/longest-consecutive-sequence/,https://youtu.be/P6RZZMu_maU,,pendiente
19,125,valid-palindrome,Valid Palindrome,Dos punteros,02-dos-punteros,Fácil,Blind 75,https://leetcode.com/problems/valid-palindrome/,https://youtu.be/jJXJ16kPFWg,,pendiente
20,167,two-sum-ii-input-array-is-sorted,Two Sum II Input Array Is Sorted,Dos punteros,02-dos-punteros,Media,NeetCode 150,https://leetcode.com/problems/two-sum-ii-input-array-is-sorted/,https://youtu.be/cQ1Oz4ckceM,,pendiente
21,15,3sum,3Sum,Dos punteros,02-dos-punteros,Media,Blind 75,https://leetcode.com/problems/3sum/,https://youtu.be/jzZsG8n2R9A,,pendiente
22,11,container-with-most-water,Container With Most Water,Dos punteros,02-dos-punteros,Media,Blind 75,https://leetcode.com/problems/container-with-most-water/,https://youtu.be/UuiTKBwPgAo,,pendiente
23,42,trapping-rain-water,Trapping Rain Water,Dos punteros,02-dos-punteros,Difícil,NeetCode 150,https://leetcode.com/problems/trapping-rain-water/,https://youtu.be/ZI2z5pq0TqA,,pendiente
25,121,best-time-to-buy-and-sell-stock,Best Time to Buy And Sell Stock,Ventana deslizante,03-ventana-deslizante,Fácil,Blind 75,https://leetcode.com/problems/best-time-to-buy-and-sell-stock/,https://youtu.be/1pkOgXD63yU,,pendiente
26,3,longest-substring-without-repeating-characters,Longest Substring Without Repeating Characters,Ventana deslizante,03-ventana-deslizante,Media,Blind 75,https://leetcode.com/problems/longest-substring-without-repeating-characters/,https://youtu.be/wiGpQwVHdE0,,pendiente
27,424,longest-repeating-character-replacement,Longest Repeating Character Replacement,Ventana deslizante,03-ventana-deslizante,Media,Blind 75,https://leetcode.com/problems/longest-repeating-character-replacement/,https://youtu.be/gqXU1UyA8pk,,pendiente
28,567,permutation-in-string,Permutation In String,Ventana deslizante,03-ventana-deslizante,Media,NeetCode 150,https://leetcode.com/problems/permutation-in-string/,https://youtu.be/UbyhOgBN834,,pendiente
29,76,minimum-window-substring,Minimum Window Substring,Ventana deslizante,03-ventana-deslizante,Difícil,Blind 75,https://leetcode.com/problems/minimum-window-substring/,https://youtu.be/jSto0O4AJbM,,pendiente
30,239,sliding-window-maximum,Sliding Window Maximum,Ventana deslizante,03-ventana-deslizante,Difícil,NeetCode 150,https://leetcode.com/problems/sliding-window-maximum/,https://youtu.be/DfljaUwZsOk,,pendiente
33,20,valid-parentheses,Valid Parentheses,Pila (stack),04-pila,Fácil,Blind 75,https://leetcode.com/problems/valid-parentheses/,https://youtu.be/WTzjTskDFMg,,pendiente
34,155,min-stack,Min Stack,Pila (stack),04-pila,Media,NeetCode 150,https://leetcode.com/problems/min-stack/,https://youtu.be/qkLl7nAwDPo,,pendiente
35,150,evaluate-reverse-polish-notation,Evaluate Reverse Polish Notation,Pila (stack),04-pila,Media,NeetCode 150,https://leetcode.com/problems/evaluate-reverse-polish-notation/,https://youtu.be/iu0082c4HDE,,pendiente
36,22,generate-parentheses,Generate Parentheses,Pila (stack),04-pila,Media,NeetCode 150,https://leetcode.com/problems/generate-parentheses/,https://youtu.be/s9fokUqJ76A,,pendiente
37,739,daily-temperatures,Daily Temperatures,Pila (stack),04-pila,Media,NeetCode 150,https://leetcode.com/problems/daily-temperatures/,https://youtu.be/cTBiBSnjO3c,,pendiente
38,853,car-fleet,Car Fleet,Pila (stack),04-pila,Media,NeetCode 150,https://leetcode.com/problems/car-fleet/,https://youtu.be/Pr6T-3yB9RM,,pendiente
39,84,largest-rectangle-in-histogram,Largest Rectangle In Histogram,Pila (stack),04-pila,Difícil,NeetCode 150,https://leetcode.com/problems/largest-rectangle-in-histogram/,https://youtu.be/zx5Sw9130L0,,pendiente
42,704,binary-search,Binary Search,Búsqueda binaria,05-busqueda-binaria,Fácil,NeetCode 150,https://leetcode.com/problems/binary-search/,https://youtu.be/s4DPM8ct1pI,,pendiente
43,74,search-a-2d-matrix,Search a 2D Matrix,Búsqueda binaria,05-busqueda-binaria,Media,NeetCode 150,https://leetcode.com/problems/search-a-2d-matrix/,https://youtu.be/Ber2pi2C0j0,,pendiente
44,875,koko-eating-bananas,Koko Eating Bananas,Búsqueda binaria,05-busqueda-binaria,Media,NeetCode 150,https://leetcode.com/problems/koko-eating-bananas/,https://youtu.be/U2SozAs9RzA,,pendiente
45,153,find-minimum-in-rotated-sorted-array,Find Minimum In Rotated Sorted Array,Búsqueda binaria,05-busqueda-binaria,Media,Blind 75,https://leetcode.com/problems/find-minimum-in-rotated-sorted-array/,https://youtu.be/nIVW4P8b1VA,,pendiente
46,33,search-in-rotated-sorted-array,Search In Rotated Sorted Array,Búsqueda binaria,05-busqueda-binaria,Media,Blind 75,https://leetcode.com/problems/search-in-rotated-sorted-array/,https://youtu.be/U8XENwh8Oy8,,pendiente
47,981,time-based-key-value-store,Time Based Key Value Store,Búsqueda binaria,05-busqueda-binaria,Media,NeetCode 150,https://leetcode.com/problems/time-based-key-value-store/,https://youtu.be/fu2cD_6E8Hw,,pendiente
48,4,median-of-two-sorted-arrays,Median of Two Sorted Arrays,Búsqueda binaria,05-busqueda-binaria,Difícil,NeetCode 150,https://leetcode.com/problems/median-of-two-sorted-arrays/,https://youtu.be/q6IEA26hvXc,,pendiente
51,206,reverse-linked-list,Reverse Linked List,Listas enlazadas,06-listas-enlazadas,Fácil,Blind 75,https://leetcode.com/problems/reverse-linked-list/,https://youtu.be/G0_I-ZF0S38,,pendiente
52,21,merge-two-sorted-lists,Merge Two Sorted Lists,Listas enlazadas,06-listas-enlazadas,Fácil,Blind 75,https://leetcode.com/problems/merge-two-sorted-lists/,https://youtu.be/XIdigk956u0,,pendiente
53,141,linked-list-cycle,Linked List Cycle,Listas enlazadas,06-listas-enlazadas,Fácil,Blind 75,https://leetcode.com/problems/linked-list-cycle/,https://youtu.be/gBTe7lFR3vc,,pendiente
54,143,reorder-list,Reorder List,Listas enlazadas,06-listas-enlazadas,Media,Blind 75,https://leetcode.com/problems/reorder-list/,https://youtu.be/S5bfdUTrKLM,,pendiente
55,19,remove-nth-node-from-end-of-list,Remove Nth Node From End of List,Listas enlazadas,06-listas-enlazadas,Media,Blind 75,https://leetcode.com/problems/remove-nth-node-from-end-of-list/,https://youtu.be/XVuQxVej6y8,,pendiente
56,138,copy-list-with-random-pointer,Copy List With Random Pointer,Listas enlazadas,06-listas-enlazadas,Media,NeetCode 150,https://leetcode.com/problems/copy-list-with-random-pointer/,https://youtu.be/5Y2EiZST97Y,,pendiente
57,2,add-two-numbers,Add Two Numbers,Listas enlazadas,06-listas-enlazadas,Media,NeetCode 150,https://leetcode.com/problems/add-two-numbers/,https://youtu.be/wgFPrzTjm7s,,pendiente
58,287,find-the-duplicate-number,Find The Duplicate Number,Listas enlazadas,06-listas-enlazadas,Media,NeetCode 150,https://leetcode.com/problems/find-the-duplicate-number/,https://youtu.be/wjYnzkAhcNk,,pendiente
59,146,lru-cache,LRU Cache,Listas enlazadas,06-listas-enlazadas,Media,NeetCode 150,https://leetcode.com/problems/lru-cache/,https://youtu.be/7ABFKPK2hD4,,pendiente
60,23,merge-k-sorted-lists,Merge K Sorted Lists,Listas enlazadas,06-listas-enlazadas,Difícil,Blind 75,https://leetcode.com/problems/merge-k-sorted-lists/,https://youtu.be/q5a5OiGbT6Q,,pendiente
61,25,reverse-nodes-in-k-group,Reverse Nodes In K Group,Listas enlazadas,06-listas-enlazadas,Difícil,NeetCode 150,https://leetcode.com/problems/reverse-nodes-in-k-group/,https://youtu.be/1UOPsfP85V4,,pendiente
65,226,invert-binary-tree,Invert Binary Tree,Árboles,07-arboles,Fácil,Blind 75,https://leetcode.com/problems/invert-binary-tree/,https://youtu.be/OnSn2XEQ4MY,,pendiente
66,104,maximum-depth-of-binary-tree,Maximum Depth of Binary Tree,Árboles,07-arboles,Fácil,Blind 75,https://leetcode.com/problems/maximum-depth-of-binary-tree/,https://youtu.be/hTM3phVI6YQ,,pendiente
67,543,diameter-of-binary-tree,Diameter of Binary Tree,Árboles,07-arboles,Fácil,NeetCode 150,https://leetcode.com/problems/diameter-of-binary-tree/,https://youtu.be/bkxqA8Rfv04,,pendiente
68,110,balanced-binary-tree,Balanced Binary Tree,Árboles,07-arboles,Fácil,NeetCode 150,https://leetcode.com/problems/balanced-binary-tree/,https://youtu.be/QfJsau0ItOY,,pendiente
69,100,same-tree,Same Tree,Árboles,07-arboles,Fácil,Blind 75,https://leetcode.com/problems/same-tree/,https://youtu.be/vRbbcKXCxOw,,pendiente
70,572,subtree-of-another-tree,Subtree of Another Tree,Árboles,07-arboles,Fácil,Blind 75,https://leetcode.com/problems/subtree-of-another-tree/,https://youtu.be/E36O5SWp-LE,,pendiente
71,235,lowest-common-ancestor-of-a-binary-search-tree,Lowest Common Ancestor of a Binary Search Tree,Árboles,07-arboles,Media,Blind 75,https://leetcode.com/problems/lowest-common-ancestor-of-a-binary-search-tree/,https://youtu.be/gs2LMfuOR9k,,pendiente
72,102,binary-tree-level-order-traversal,Binary Tree Level Order Traversal,Árboles,07-arboles,Media,Blind 75,https://leetcode.com/problems/binary-tree-level-order-traversal/,https://youtu.be/6ZnyEApgFYg,,pendiente
73,199,binary-tree-right-side-view,Binary Tree Right Side View,Árboles,07-arboles,Media,NeetCode 150,https://leetcode.com/problems/binary-tree-right-side-view/,https://youtu.be/d4zLyf32e3I,,pendiente
74,1448,count-good-nodes-in-binary-tree,Count Good Nodes In Binary Tree,Árboles,07-arboles,Media,NeetCode 150,https://leetcode.com/problems/count-good-nodes-in-binary-tree/,https://youtu.be/7cp5imvDzl4,,pendiente
75,98,validate-binary-search-tree,Validate Binary Search Tree,Árboles,07-arboles,Media,Blind 75,https://leetcode.com/problems/validate-binary-search-tree/,https://youtu.be/s6ATEkipzow,,pendiente
76,230,kth-smallest-element-in-a-bst,Kth Smallest Element In a Bst,Árboles,07-arboles,Media,Blind 75,https://leetcode.com/problems/kth-smallest-element-in-a-bst/,https://youtu.be/5LUXSvjmGCw,,pendiente
77,105,construct-binary-tree-from-preorder-and-inorder-traversal,Construct Binary Tree From Preorder And Inorder Traversal,Árboles,07-arboles,Media,Blind 75,https://leetcode.com/problems/construct-binary-tree-from-preorder-and-inorder-traversal/,https://youtu.be/ihj4IQGZ2zc,,pendiente
78,124,binary-tree-maximum-path-sum,Binary Tree Maximum Path Sum,Árboles,07-arboles,Difícil,Blind 75,https://leetcode.com/problems/binary-tree-maximum-path-sum/,https://youtu.be/Hr5cWUld4vU,,pendiente
79,297,serialize-and-deserialize-binary-tree,Serialize And Deserialize Binary Tree,Árboles,07-arboles,Difícil,Blind 75,https://leetcode.com/problems/serialize-and-deserialize-binary-tree/,https://youtu.be/u4JAi2JJhI8,,pendiente
81,208,implement-trie-prefix-tree,Implement Trie Prefix Tree,Tries,08-tries,Media,Blind 75,https://leetcode.com/problems/implement-trie-prefix-tree/,https://youtu.be/oobqoCJlHA0,,pendiente
82,211,design-add-and-search-words-data-structure,Design Add And Search Words Data Structure,Tries,08-tries,Media,Blind 75,https://leetcode.com/problems/design-add-and-search-words-data-structure/,https://youtu.be/BTf05gs_8iU,,pendiente
83,212,word-search-ii,Word Search II,Tries,08-tries,Difícil,Blind 75,https://leetcode.com/problems/word-search-ii/,https://youtu.be/asbcE9mZz_U,,pendiente
86,703,kth-largest-element-in-a-stream,Kth Largest Element In a Stream,Heap / cola de prioridad,09-heap,Fácil,NeetCode 150,https://leetcode.com/problems/kth-largest-element-in-a-stream/,https://youtu.be/hOjcdrqMoQ8,,pendiente
87,1046,last-stone-weight,Last Stone Weight,Heap / cola de prioridad,09-heap,Fácil,NeetCode 150,https://leetcode.com/problems/last-stone-weight/,https://youtu.be/B-QCq79-Vfw,,pendiente
88,973,k-closest-points-to-origin,K Closest Points to Origin,Heap / cola de prioridad,09-heap,Media,NeetCode 150,https://leetcode.com/problems/k-closest-points-to-origin/,https://youtu.be/rI2EBUEMfTk,,pendiente
89,215,kth-largest-element-in-an-array,Kth Largest Element In An Array,Heap / cola de prioridad,09-heap,Media,NeetCode 150,https://leetcode.com/problems/kth-largest-element-in-an-array/,https://youtu.be/XEmy13g1Qxc,,pendiente
90,621,task-scheduler,Task Scheduler,Heap / cola de prioridad,09-heap,Media,NeetCode 150,https://leetcode.com/problems/task-scheduler/,https://youtu.be/s8p8ukTyA2I,,pendiente
91,355,design-twitter,Design Twitter,Heap / cola de prioridad,09-heap,Media,NeetCode 150,https://leetcode.com/problems/design-twitter/,https://youtu.be/pNichitDD2E,,pendiente
92,295,find-median-from-data-stream,Find Median From Data Stream,Heap / cola de prioridad,09-heap,Difícil,Blind 75,https://leetcode.com/problems/find-median-from-data-stream/,https://youtu.be/itmhHWaHupI,,pendiente
95,78,subsets,Subsets,Backtracking,10-backtracking,Media,NeetCode 150,https://leetcode.com/problems/subsets/,https://youtu.be/REOH22Xwdkk,,pendiente
96,39,combination-sum,Combination Sum,Backtracking,10-backtracking,Media,Blind 75,https://leetcode.com/problems/combination-sum/,https://youtu.be/GBKI9VSKdGg,,pendiente
97,46,permutations,Permutations,Backtracking,10-backtracking,Media,NeetCode 150,https://leetcode.com/problems/permutations/,https://youtu.be/s7AvT7cGdSo,,pendiente
98,90,subsets-ii,Subsets II,Backtracking,10-backtracking,Media,NeetCode 150,https://leetcode.com/problems/subsets-ii/,https://youtu.be/Vn2v6ajA7U0,,pendiente
99,40,combination-sum-ii,Combination Sum II,Backtracking,10-backtracking,Media,NeetCode 150,https://leetcode.com/problems/combination-sum-ii/,https://youtu.be/rSA3t6BDDwg,,pendiente
100,79,word-search,Word Search,Backtracking,10-backtracking,Media,Blind 75,https://leetcode.com/problems/word-search/,https://youtu.be/pfiQ_PS1g8E,,pendiente
101,131,palindrome-partitioning,Palindrome Partitioning,Backtracking,10-backtracking,Media,NeetCode 150,https://leetcode.com/problems/palindrome-partitioning/,https://youtu.be/3jvWodd7ht0,,pendiente
102,17,letter-combinations-of-a-phone-number,Letter Combinations of a Phone Number,Backtracking,10-backtracking,Media,NeetCode 150,https://leetcode.com/problems/letter-combinations-of-a-phone-number/,https://youtu.be/0snEunUacZY,,pendiente
103,51,n-queens,N Queens,Backtracking,10-backtracking,Difícil,NeetCode 150,https://leetcode.com/problems/n-queens/,https://youtu.be/Ph95IHmRp5M,,pendiente
107,200,number-of-islands,Number of Islands,Grafos,11-grafos,Media,Blind 75,https://leetcode.com/problems/number-of-islands/,https://youtu.be/pV2kpPD66nE,,pendiente
108,133,clone-graph,Clone Graph,Grafos,11-grafos,Media,Blind 75,https://leetcode.com/problems/clone-graph/,https://youtu.be/mQeF6bN8hMk,,pendiente
109,695,max-area-of-island,Max Area of Island,Grafos,11-grafos,Media,NeetCode 150,https://leetcode.com/problems/max-area-of-island/,https://youtu.be/iJGr1OtmH0c,,pendiente
110,417,pacific-atlantic-water-flow,Pacific Atlantic Water Flow,Grafos,11-grafos,Media,Blind 75,https://leetcode.com/problems/pacific-atlantic-water-flow/,https://youtu.be/s-VkcjHqkGI,,pendiente
111,130,surrounded-regions,Surrounded Regions,Grafos,11-grafos,Media,NeetCode 150,https://leetcode.com/problems/surrounded-regions/,https://youtu.be/9z2BunfoZ5Y,,pendiente
112,994,rotting-oranges,Rotting Oranges,Grafos,11-grafos,Media,NeetCode 150,https://leetcode.com/problems/rotting-oranges/,https://youtu.be/y704fEOx0s0,,pendiente
113,286,walls-and-gates,Walls And Gates,Grafos,11-grafos,Media,NeetCode 150,https://www.lintcode.com/problem/663/,https://youtu.be/e69C6xhiSQE,,pendiente
114,207,course-schedule,Course Schedule,Grafos,11-grafos,Media,Blind 75,https://leetcode.com/problems/course-schedule/,https://youtu.be/EgI5nU9etnU,,pendiente
115,210,course-schedule-ii,Course Schedule II,Grafos,11-grafos,Media,NeetCode 150,https://leetcode.com/problems/course-schedule-ii/,https://youtu.be/Akt3glAwyfY,,pendiente
116,684,redundant-connection,Redundant Connection,Grafos,11-grafos,Media,NeetCode 150,https://leetcode.com/problems/redundant-connection/,https://youtu.be/FXWRE67PLL0,,pendiente
117,323,number-of-connected-components-in-an-undirected-graph,Number of Connected Components In An Undirected Graph,Grafos,11-grafos,Media,Blind 75,https://www.lintcode.com/problem/3651/,https://youtu.be/8f1XPm4WOUc,,pendiente
118,261,graph-valid-tree,Graph Valid Tree,Grafos,11-grafos,Media,Blind 75,https://www.lintcode.com/problem/178/,https://youtu.be/bXsUuownnoQ,,pendiente
119,127,word-ladder,Word Ladder,Grafos,11-grafos,Difícil,NeetCode 150,https://leetcode.com/problems/word-ladder/,https://youtu.be/h9iTnkgv05E,,pendiente
121,1584,min-cost-to-connect-all-points,Min Cost to Connect All Points,Grafos avanzados,12-grafos-avanzados,Media,NeetCode 150,https://leetcode.com/problems/min-cost-to-connect-all-points/,https://youtu.be/f7JOBJIC-NA,,pendiente
122,743,network-delay-time,Network Delay Time,Grafos avanzados,12-grafos-avanzados,Media,NeetCode 150,https://leetcode.com/problems/network-delay-time/,https://youtu.be/EaphyqKU4PQ,,pendiente
123,787,cheapest-flights-within-k-stops,Cheapest Flights Within K Stops,Grafos avanzados,12-grafos-avanzados,Media,NeetCode 150,https://leetcode.com/problems/cheapest-flights-within-k-stops/,https://youtu.be/5eIK3zUdYmE,,pendiente
124,332,reconstruct-itinerary,Reconstruct Itinerary,Grafos avanzados,12-grafos-avanzados,Difícil,NeetCode 150,https://leetcode.com/problems/reconstruct-itinerary/,https://youtu.be/ZyB_gQ8vqGA,,pendiente
125,778,swim-in-rising-water,Swim In Rising Water,Grafos avanzados,12-grafos-avanzados,Difícil,NeetCode 150,https://leetcode.com/problems/swim-in-rising-water/,https://youtu.be/amvrKlMLuGY,,pendiente
126,269,alien-dictionary,Alien Dictionary,Grafos avanzados,12-grafos-avanzados,Difícil,Blind 75,https://www.lintcode.com/problem/892/,https://youtu.be/6kTZYvNNyps,,pendiente
128,70,climbing-stairs,Climbing Stairs,Programación dinámica 1D,13-programacion-dinamica-1d,Fácil,Blind 75,https://leetcode.com/problems/climbing-stairs/,https://youtu.be/Y0lT9Fck7qI,,pendiente
129,746,min-cost-climbing-stairs,Min Cost Climbing Stairs,Programación dinámica 1D,13-programacion-dinamica-1d,Fácil,NeetCode 150,https://leetcode.com/problems/min-cost-climbing-stairs/,https://youtu.be/ktmzAZWkEZ0,,pendiente
130,198,house-robber,House Robber,Programación dinámica 1D,13-programacion-dinamica-1d,Media,Blind 75,https://leetcode.com/problems/house-robber/,https://youtu.be/73r3KWiEvyk,,pendiente
131,213,house-robber-ii,House Robber II,Programación dinámica 1D,13-programacion-dinamica-1d,Media,Blind 75,https://leetcode.com/problems/house-robber-ii/,https://youtu.be/rWAJCfYYOvM,,pendiente
132,5,longest-palindromic-substring,Longest Palindromic Substring,Programación dinámica 1D,13-programacion-dinamica-1d,Media,Blind 75,https://leetcode.com/problems/longest-palindromic-substring/,https://youtu.be/XYQecbcd6_c,,pendiente
133,647,palindromic-substrings,Palindromic Substrings,Programación dinámica 1D,13-programacion-dinamica-1d,Media,Blind 75,https://leetcode.com/problems/palindromic-substrings/,https://youtu.be/4RACzI5-du8,,pendiente
134,91,decode-ways,Decode Ways,Programación dinámica 1D,13-programacion-dinamica-1d,Media,Blind 75,https://leetcode.com/problems/decode-ways/,https://youtu.be/6aEyTjOwlJU,,pendiente
135,322,coin-change,Coin Change,Programación dinámica 1D,13-programacion-dinamica-1d,Media,Blind 75,https://leetcode.com/problems/coin-change/,https://youtu.be/H9bfqozjoqs,,pendiente
136,152,maximum-product-subarray,Maximum Product Subarray,Programación dinámica 1D,13-programacion-dinamica-1d,Media,Blind 75,https://leetcode.com/problems/maximum-product-subarray/,https://youtu.be/lXVy6YWFcRM,,pendiente
137,139,word-break,Word Break,Programación dinámica 1D,13-programacion-dinamica-1d,Media,Blind 75,https://leetcode.com/problems/word-break/,https://youtu.be/Sx9NNgInc3A,,pendiente
138,300,longest-increasing-subsequence,Longest Increasing Subsequence,Programación dinámica 1D,13-programacion-dinamica-1d,Media,Blind 75,https://leetcode.com/problems/longest-increasing-subsequence/,https://youtu.be/cjWnW0hdF1Y,,pendiente
139,416,partition-equal-subset-sum,Partition Equal Subset Sum,Programación dinámica 1D,13-programacion-dinamica-1d,Media,NeetCode 150,https://leetcode.com/problems/partition-equal-subset-sum/,https://youtu.be/IsvocB5BJhw,,pendiente
141,62,unique-paths,Unique Paths,Programación dinámica 2D,14-programacion-dinamica-2d,Media,Blind 75,https://leetcode.com/problems/unique-paths/,https://youtu.be/IlEsdxuD4lY,,pendiente
142,1143,longest-common-subsequence,Longest Common Subsequence,Programación dinámica 2D,14-programacion-dinamica-2d,Media,Blind 75,https://leetcode.com/problems/longest-common-subsequence/,https://youtu.be/Ua0GhsJSlWM,,pendiente
143,309,best-time-to-buy-and-sell-stock-with-cooldown,Best Time to Buy And Sell Stock With Cooldown,Programación dinámica 2D,14-programacion-dinamica-2d,Media,NeetCode 150,https://leetcode.com/problems/best-time-to-buy-and-sell-stock-with-cooldown/,https://youtu.be/I7j0F7AHpb8,,pendiente
144,518,coin-change-ii,Coin Change II,Programación dinámica 2D,14-programacion-dinamica-2d,Media,NeetCode 150,https://leetcode.com/problems/coin-change-ii/,https://youtu.be/Mjy4hd2xgrs,,pendiente
145,494,target-sum,Target Sum,Programación dinámica 2D,14-programacion-dinamica-2d,Media,NeetCode 150,https://leetcode.com/problems/target-sum/,https://youtu.be/g0npyaQtAQM,,pendiente
146,97,interleaving-string,Interleaving String,Programación dinámica 2D,14-programacion-dinamica-2d,Media,NeetCode 150,https://leetcode.com/problems/interleaving-string/,https://youtu.be/3Rw3p9LrgvE,,pendiente
147,72,edit-distance,Edit Distance,Programación dinámica 2D,14-programacion-dinamica-2d,Media,NeetCode 150,https://leetcode.com/problems/edit-distance/,https://youtu.be/XYi2-LPrwm4,,pendiente
148,329,longest-increasing-path-in-a-matrix,Longest Increasing Path In a Matrix,Programación dinámica 2D,14-programacion-dinamica-2d,Difícil,NeetCode 150,https://leetcode.com/problems/longest-increasing-path-in-a-matrix/,https://youtu.be/wCc_nd-GiEc,,pendiente
149,115,distinct-subsequences,Distinct Subsequences,Programación dinámica 2D,14-programacion-dinamica-2d,Difícil,NeetCode 150,https://leetcode.com/problems/distinct-subsequences/,https://youtu.be/-RDzMJ33nx8,,pendiente
150,312,burst-balloons,Burst Balloons,Programación dinámica 2D,14-programacion-dinamica-2d,Difícil,NeetCode 150,https://leetcode.com/problems/burst-balloons/,https://youtu.be/VFskby7lUbw,,pendiente
151,10,regular-expression-matching,Regular Expression Matching,Programación dinámica 2D,14-programacion-dinamica-2d,Difícil,NeetCode 150,https://leetcode.com/problems/regular-expression-matching/,https://youtu.be/HAA8mgxlov8,,pendiente
153,53,maximum-subarray,Maximum Subarray,Greedy,15-greedy,Media,Blind 75,https://leetcode.com/problems/maximum-subarray/,https://youtu.be/5WZl3MMT0Eg,,pendiente
154,55,jump-game,Jump Game,Greedy,15-greedy,Media,Blind 75,https://leetcode.com/problems/jump-game/,https://youtu.be/Yan0cv2cLy8,,pendiente
155,45,jump-game-ii,Jump Game II,Greedy,15-greedy,Media,NeetCode 150,https://leetcode.com/problems/jump-game-ii/,https://youtu.be/dJ7sWiOoK7g,,pendiente
156,134,gas-station,Gas Station,Greedy,15-greedy,Media,NeetCode 150,https://leetcode.com/problems/gas-station/,https://youtu.be/lJwbPZGo05A,,pendiente
157,846,hand-of-straights,Hand of Straights,Greedy,15-greedy,Media,NeetCode 150,https://leetcode.com/problems/hand-of-straights/,https://youtu.be/amnrMCVd2YI,,pendiente
158,1899,merge-triplets-to-form-target-triplet,Merge Triplets to Form Target Triplet,Greedy,15-greedy,Media,NeetCode 150,https://leetcode.com/problems/merge-triplets-to-form-target-triplet/,https://youtu.be/kShkQLQZ9K4,,pendiente
159,763,partition-labels,Partition Labels,Greedy,15-greedy,Media,NeetCode 150,https://leetcode.com/problems/partition-labels/,https://youtu.be/B7m8UmZE-vw,,pendiente
160,678,valid-parenthesis-string,Valid Parenthesis String,Greedy,15-greedy,Media,NeetCode 150,https://leetcode.com/problems/valid-parenthesis-string/,https://youtu.be/QhPdNS143Qg,,pendiente
162,252,meeting-rooms,Meeting Rooms,Intervalos,16-intervalos,Fácil,Blind 75,https://www.lintcode.com/problem/920/,https://youtu.be/PaJxqZVPhbg,,pendiente
163,57,insert-interval,Insert Interval,Intervalos,16-intervalos,Media,Blind 75,https://leetcode.com/problems/insert-interval/,https://youtu.be/A8NUOmlwOlM,,pendiente
164,56,merge-intervals,Merge Intervals,Intervalos,16-intervalos,Media,Blind 75,https://leetcode.com/problems/merge-intervals/,https://youtu.be/44H3cEC2fFM,,pendiente
165,435,non-overlapping-intervals,Non Overlapping Intervals,Intervalos,16-intervalos,Media,Blind 75,https://leetcode.com/problems/non-overlapping-intervals/,https://youtu.be/nONCGxWoUfM,,pendiente
166,253,meeting-rooms-ii,Meeting Rooms II,Intervalos,16-intervalos,Media,Blind 75,https://www.lintcode.com/problem/919/,https://youtu.be/FdzJmTCVyJU,,pendiente
167,1851,minimum-interval-to-include-each-query,Minimum Interval to Include Each Query,Intervalos,16-intervalos,Difícil,NeetCode 150,https://leetcode.com/problems/minimum-interval-to-include-each-query/,https://youtu.be/5hQ5WWW5awQ,,pendiente
169,202,happy-number,Happy Number,Matemática y geometría,17-matematica-y-geometria,Fácil,NeetCode 150,https://leetcode.com/problems/happy-number/,https://youtu.be/ljz85bxOYJ0,,pendiente
170,66,plus-one,Plus One,Matemática y geometría,17-matematica-y-geometria,Fácil,NeetCode 150,https://leetcode.com/problems/plus-one/,https://youtu.be/jIaA8boiG1s,,pendiente
171,48,rotate-image,Rotate Image,Matemática y geometría,17-matematica-y-geometria,Media,Blind 75,https://leetcode.com/problems/rotate-image/,https://youtu.be/fMSJSS7eO1w,,pendiente
172,54,spiral-matrix,Spiral Matrix,Matemática y geometría,17-matematica-y-geometria,Media,Blind 75,https://leetcode.com/problems/spiral-matrix/,https://youtu.be/BJnMZNwUk1M,,pendiente
173,73,set-matrix-zeroes,Set Matrix Zeroes,Matemática y geometría,17-matematica-y-geometria,Media,Blind 75,https://leetcode.com/problems/set-matrix-zeroes/,https://youtu.be/T41rL0L3Pnw,,pendiente
174,50,powx-n,"Pow(x, n)",Matemática y geometría,17-matematica-y-geometria,Media,NeetCode 150,https://leetcode.com/problems/powx-n/,https://youtu.be/g9YQyYi4IQQ,,pendiente
175,43,multiply-strings,Multiply Strings,Matemática y geometría,17-matematica-y-geometria,Media,NeetCode 150,https://leetcode.com/problems/multiply-strings/,https://youtu.be/1vZswirL8Y8,,pendiente
176,2013,detect-squares,Detect Squares,Matemática y geometría,17-matematica-y-geometria,Media,NeetCode 150,https://leetcode.com/problems/detect-squares/,https://youtu.be/bahebearrDc,,pendiente
178,136,single-number,Single Number,Manipulación de bits,18-manipulacion-de-bits,Fácil,NeetCode 150,https://leetcode.com/problems/single-number/,https://youtu.be/qMPX1AOa83k,,pendiente
179,191,number-of-1-bits,Number of 1 Bits,Manipulación de bits,18-manipulacion-de-bits,Fácil,Blind 75,https://leetcode.com/problems/number-of-1-bits/,https://youtu.be/5Km3utixwZs,,pendiente
180,338,counting-bits,Counting Bits,Manipulación de bits,18-manipulacion-de-bits,Fácil,Blind 75,https://leetcode.com/problems/counting-bits/,https://youtu.be/RyBM56RIWrM,,pendiente
181,190,reverse-bits,Reverse Bits,Manipulación de bits,18-manipulacion-de-bits,Fácil,Blind 75,https://leetcode.com/problems/reverse-bits/,https://youtu.be/UcoN6UjAI64,,pendiente
182,268,missing-number,Missing Number,Manipulación de bits,18-manipulacion-de-bits,Fácil,Blind 75,https://leetcode.com/problems/missing-number/,https://youtu.be/WnPLSRLSANE,,pendiente
183,371,sum-of-two-integers,Sum of Two Integers,Manipulación de bits,18-manipulacion-de-bits,Media,Blind 75,https://leetcode.com/problems/sum-of-two-integers/,https://youtu.be/gVUrDV4tZfY,,pendiente
184,7,reverse-integer,Reverse Integer,Manipulación de bits,18-manipulacion-de-bits,Media,NeetCode 150,https://leetcode.com/problems/reverse-integer/,https://youtu.be/HAgLH58IgJQ,,pendiente
185,1929,concatenation-of-array,Concatenation of Array,Arrays y hashing,01-arrays-y-hashing,Fácil,NeetCode All,https://leetcode.com/problems/concatenation-of-array/,https://youtu.be/68isPRHgcFQ,,pendiente
186,94,binary-tree-inorder-traversal,Binary Tree Inorder Traversal,Árboles,07-arboles,Fácil,NeetCode All,https://leetcode.com/problems/binary-tree-inorder-traversal/,https://youtu.be/g_S5WuasWUE,,pendiente
187,168,excel-sheet-column-title,Excel Sheet Column Title,Matemática y geometría,17-matematica-y-geometria,Fácil,NeetCode All,https://leetcode.com/problems/excel-sheet-column-title/,https://youtu.be/X_vJDpCCuoA,,pendiente
188,1299,replace-elements-with-greatest-element-on-right-side,Replace Elements With Greatest Element On Right Side,Arrays y hashing,01-arrays-y-hashing,Fácil,NeetCode All,https://leetcode.com/problems/replace-elements-with-greatest-element-on-right-side/,https://youtu.be/ZHjKhUjcsaU,,pendiente
189,680,valid-palindrome-ii,Valid Palindrome II,Dos punteros,02-dos-punteros,Fácil,NeetCode All,https://leetcode.com/problems/valid-palindrome-ii/,https://youtu.be/JrxRYBwG6EI,,pendiente
190,35,search-insert-position,Search Insert Position,Búsqueda binaria,05-busqueda-binaria,Fácil,NeetCode All,https://leetcode.com/problems/search-insert-position/,https://youtu.be/K-RYzDZkzCI,,pendiente
191,234,palindrome-linked-list,Palindrome Linked List,Listas enlazadas,06-listas-enlazadas,Fácil,NeetCode All,https://leetcode.com/problems/palindrome-linked-list/,https://youtu.be/yOzXms1J6Nk,,pendiente
192,392,is-subsequence,Is Subsequence,Arrays y hashing,01-arrays-y-hashing,Fácil,NeetCode All,https://leetcode.com/problems/is-subsequence/,https://youtu.be/99RVfqklbCE,,pendiente
193,58,length-of-last-word,Length of Last Word,Arrays y hashing,01-arrays-y-hashing,Fácil,NeetCode All,https://leetcode.com/problems/length-of-last-word/,https://youtu.be/KT9rltZTybQ,,pendiente
194,144,binary-tree-preorder-traversal,Binary Tree Preorder Traversal,Árboles,07-arboles,Fácil,NeetCode All,https://leetcode.com/problems/binary-tree-preorder-traversal/,https://youtu.be/afTpieEZXck,,pendiente
195,1470,shuffle-the-array,Shuffle the Array,Manipulación de bits,18-manipulacion-de-bits,Fácil,NeetCode All,https://leetcode.com/problems/shuffle-the-array/,https://youtu.be/IvIKD_EU8BY,,pendiente
196,1071,greatest-common-divisor-of-strings,Greatest Common Divisor of Strings,Matemática y geometría,17-matematica-y-geometria,Fácil,NeetCode All,https://leetcode.com/problems/greatest-common-divisor-of-strings/,https://youtu.be/i5I_wrbUdzM,,pendiente
197,14,longest-common-prefix,Longest Common Prefix,Arrays y hashing,01-arrays-y-hashing,Fácil,NeetCode All,https://leetcode.com/problems/longest-common-prefix/,https://youtu.be/0sWShKIJoo4,,pendiente
198,1984,minimum-difference-between-highest-and-lowest-of-k-scores,Minimum Difference Between Highest And Lowest of K Scores,Dos punteros,02-dos-punteros,Fácil,NeetCode All,https://leetcode.com/problems/minimum-difference-between-highest-and-lowest-of-k-scores/,https://youtu.be/JU5XdBZZtlk,,pendiente
199,118,pascals-triangle,Pascals Triangle,Arrays y hashing,01-arrays-y-hashing,Fácil,NeetCode All,https://leetcode.com/problems/pascals-triangle/,https://youtu.be/nPVEaB3AjUM,,pendiente
200,682,baseball-game,Baseball Game,Pila (stack),04-pila,Fácil,NeetCode All,https://leetcode.com/problems/baseball-game/,https://youtu.be/Id_tqGdsZQI,,pendiente
201,374,guess-number-higher-or-lower,Guess Number Higher Or Lower,Búsqueda binaria,05-busqueda-binaria,Fácil,NeetCode All,https://leetcode.com/problems/guess-number-higher-or-lower/,https://youtu.be/xW4QsTtaCa4,,pendiente
202,463,island-perimeter,Island Perimeter,Grafos,11-grafos,Fácil,NeetCode All,https://leetcode.com/problems/island-perimeter/,https://youtu.be/fISIuAFRM2s,,pendiente
203,145,binary-tree-postorder-traversal,Binary Tree Postorder Traversal,Árboles,07-arboles,Fácil,NeetCode All,https://leetcode.com/problems/binary-tree-postorder-traversal/,https://youtu.be/QhszUQhGGlA,,pendiente
204,27,remove-element,Remove Element,Arrays y hashing,01-arrays-y-hashing,Fácil,NeetCode All,https://leetcode.com/problems/remove-element/,https://youtu.be/Pcd1ii9P9ZI,,pendiente
205,203,remove-linked-list-elements,Remove Linked List Elements,Listas enlazadas,06-listas-enlazadas,Fácil,NeetCode All,https://leetcode.com/problems/remove-linked-list-elements/,https://youtu.be/JI71sxtHTng,,pendiente
206,1523,count-odd-numbers-in-an-interval-range,Count Odd Numbers in an Interval Range,Matemática y geometría,17-matematica-y-geometria,Fácil,NeetCode All,https://leetcode.com/problems/count-odd-numbers-in-an-interval-range/,https://youtu.be/wrIWye928JQ,,pendiente
207,929,unique-email-addresses,Unique Email Addresses,Arrays y hashing,01-arrays-y-hashing,Fácil,NeetCode All,https://leetcode.com/problems/unique-email-addresses/,https://youtu.be/TC_xLIWl7qY,,pendiente
208,1768,merge-strings-alternately,Merge Strings Alternately,Dos punteros,02-dos-punteros,Fácil,NeetCode All,https://leetcode.com/problems/merge-strings-alternately/,https://youtu.be/LECWOvTo-Sc,,pendiente
209,205,isomorphic-strings,Isomorphic Strings,Arrays y hashing,01-arrays-y-hashing,Fácil,NeetCode All,https://leetcode.com/problems/isomorphic-strings/,https://youtu.be/7yF-U1hLEqQ,,pendiente
210,108,convert-sorted-array-to-binary-search-tree,Convert Sorted Array to Binary Search Tree,Árboles,07-arboles,Fácil,NeetCode All,https://leetcode.com/problems/convert-sorted-array-to-binary-search-tree/,https://youtu.be/0K0uCMYq5ng,,pendiente
211,605,can-place-flowers,Can Place Flowers,Arrays y hashing,01-arrays-y-hashing,Fácil,NeetCode All,https://leetcode.com/problems/can-place-flowers/,https://youtu.be/ZGxqqjljpUI,,pendiente
212,441,arranging-coins,Arranging Coins,Búsqueda binaria,05-busqueda-binaria,Fácil,NeetCode All,https://leetcode.com/problems/arranging-coins/,https://youtu.be/5rHz_6s2Buw,,pendiente
213,1572,matrix-diagonal-sum,Matrix Diagonal Sum,Matemática y geometría,17-matematica-y-geometria,Fácil,NeetCode All,https://leetcode.com/problems/matrix-diagonal-sum/,https://youtu.be/WliTu6gIK7o,,pendiente
214,169,majority-element,Majority Element,Arrays y hashing,01-arrays-y-hashing,Fácil,NeetCode All,https://leetcode.com/problems/majority-element/,https://youtu.be/7pnhv842keE,,pendiente
215,496,next-greater-element-i,Next Greater Element I,Arrays y hashing,01-arrays-y-hashing,Fácil,NeetCode All,https://leetcode.com/problems/next-greater-element-i/,https://youtu.be/68a1Dc_qVq4,,pendiente
216,344,reverse-string,Reverse String,Dos punteros,02-dos-punteros,Fácil,NeetCode All,https://leetcode.com/problems/reverse-string/,https://youtu.be/_d0T_2Lk2qA,,pendiente
217,219,contains-duplicate-ii,Contains Duplicate II,Ventana deslizante,03-ventana-deslizante,Fácil,NeetCode All,https://leetcode.com/problems/contains-duplicate-ii/,https://youtu.be/ypn0aZ0nrL4,,pendiente
218,83,remove-duplicates-from-sorted-list,Remove Duplicates From Sorted List,Listas enlazadas,06-listas-enlazadas,Fácil,NeetCode All,https://leetcode.com/problems/remove-duplicates-from-sorted-list/,https://youtu.be/p10f-VpO4nE,,pendiente
219,617,merge-two-binary-trees,Merge Two Binary Trees,Árboles,07-arboles,Fácil,NeetCode All,https://leetcode.com/problems/merge-two-binary-trees/,https://youtu.be/QHH6rIK3dDQ,,pendiente
220,1137,n-th-tribonacci-number,N-th Tribonacci Number,Programación dinámica 1D,13-programacion-dinamica-1d,Fácil,NeetCode All,https://leetcode.com/problems/n-th-tribonacci-number/,https://youtu.be/3lpNp5Ojvrw,,pendiente
221,989,add-to-array-form-of-integer,Add to Array-Form of Integer,Manipulación de bits,18-manipulacion-de-bits,Fácil,NeetCode All,https://leetcode.com/problems/add-to-array-form-of-integer/,https://youtu.be/eBTZQt1TWfk,,pendiente
222,724,find-pivot-index,Find Pivot Index,Arrays y hashing,01-arrays-y-hashing,Fácil,NeetCode All,https://leetcode.com/problems/find-pivot-index/,https://youtu.be/u89i60lYx8U,,pendiente
223,9,palindrome-number,Palindrome Number,Matemática y geometría,17-matematica-y-geometria,Fácil,NeetCode All,https://leetcode.com/problems/palindrome-number/,https://youtu.be/yubRKwixN-U,,pendiente
224,977,squares-of-a-sorted-array,Squares of a Sorted Array,Búsqueda binaria,05-busqueda-binaria,Fácil,NeetCode All,https://leetcode.com/problems/squares-of-a-sorted-array/,https://youtu.be/FPCZsG_AkUg,,pendiente
225,303,range-sum-query-immutable,Range Sum Query - Immutable,Arrays y hashing,01-arrays-y-hashing,Fácil,NeetCode All,https://leetcode.com/problems/range-sum-query-immutable/,https://youtu.be/2pndAmo_sMA,,pendiente
226,112,path-sum,Path Sum,Árboles,07-arboles,Fácil,NeetCode All,https://leetcode.com/problems/path-sum/,https://youtu.be/LSKQyOz_P8I,,pendiente
227,448,find-all-numbers-disappeared-in-an-array,Find All Numbers Disappeared in An Array,Arrays y hashing,01-arrays-y-hashing,Fácil,NeetCode All,https://leetcode.com/problems/find-all-numbers-disappeared-in-an-array/,https://youtu.be/8i-f24YFWC4,,pendiente
228,88,merge-sorted-array,Merge Sorted Array,Dos punteros,02-dos-punteros,Fácil,NeetCode All,https://leetcode.com/problems/merge-sorted-array/,https://youtu.be/P1Ic85RarKY,,pendiente
229,1189,maximum-number-of-balloons,Maximum Number of Balloons,Arrays y hashing,01-arrays-y-hashing,Fácil,NeetCode All,https://leetcode.com/problems/maximum-number-of-balloons/,https://youtu.be/G9xeB2-7PqY,,pendiente
230,263,ugly-number,Ugly Number,Matemática y geometría,17-matematica-y-geometria,Fácil,NeetCode All,https://leetcode.com/problems/ugly-number/,https://youtu.be/M0Zay1Qr9ws,,pendiente
231,876,middle-of-the-linked-list,Middle of the Linked List,Listas enlazadas,06-listas-enlazadas,Fácil,NeetCode All,https://leetcode.com/problems/middle-of-the-linked-list/,https://youtu.be/A2_ldqM4QcY,,pendiente
232,290,word-pattern,Word Pattern,Arrays y hashing,01-arrays-y-hashing,Fácil,NeetCode All,https://leetcode.com/problems/word-pattern/,https://youtu.be/W_akoecmCbM,,pendiente
233,606,construct-string-from-binary-tree,Construct String From Binary Tree,Árboles,07-arboles,Fácil,NeetCode All,https://leetcode.com/problems/construct-string-from-binary-tree/,https://youtu.be/b1WpYxnuebQ,,pendiente
234,225,implement-stack-using-queues,Implement Stack Using Queues,Pila (stack),04-pila,Fácil,NeetCode All,https://leetcode.com/problems/implement-stack-using-queues/,https://youtu.be/rW4vm0-DLYc,,pendiente
235,367,valid-perfect-square,Valid Perfect Square,Búsqueda binaria,05-busqueda-binaria,Fácil,NeetCode All,https://leetcode.com/problems/valid-perfect-square/,https://youtu.be/Cg_wWPHJ2Sk,,pendiente
236,953,verifying-an-alien-dictionary,Verifying An Alien Dictionary,Grafos,11-grafos,Fácil,NeetCode All,https://leetcode.com/problems/verifying-an-alien-dictionary/,https://youtu.be/OVgPAJIyX6o,,pendiente
237,705,design-hashset,Design HashSet,Arrays y hashing,01-arrays-y-hashing,Fácil,NeetCode All,https://leetcode.com/problems/design-hashset/,https://youtu.be/VymjPQUXjL8,,pendiente
238,283,move-zeroes,Move Zeroes,Dos punteros,02-dos-punteros,Fácil,NeetCode All,https://leetcode.com/problems/move-zeroes/,https://youtu.be/aayNRwUN3Do,,pendiente
239,706,design-hashmap,Design HashMap,Arrays y hashing,01-arrays-y-hashing,Fácil,NeetCode All,https://leetcode.com/problems/design-hashmap/,https://youtu.be/cNWsgbKwwoU,,pendiente
240,1260,shift-2d-grid,Shift 2D Grid,Matemática y geometría,17-matematica-y-geometria,Fácil,NeetCode All,https://leetcode.com/problems/shift-2d-grid/,https://youtu.be/nJYFh4Dl-as,,pendiente
241,783,minimum-distance-between-bst-nodes,Minimum Distance between BST Nodes,Árboles,07-arboles,Fácil,NeetCode All,https://leetcode.com/problems/minimum-distance-between-bst-nodes/,https://youtu.be/joxx4hTYwcw,,pendiente
242,67,add-binary,Add Binary,Manipulación de bits,18-manipulacion-de-bits,Fácil,NeetCode All,https://leetcode.com/problems/add-binary/,https://youtu.be/keuWJ47xG8g,,pendiente
243,28,find-the-index-of-the-first-occurrence-in-a-string,Find The Index of The First Occurrence in a String,Arrays y hashing,01-arrays-y-hashing,Fácil,NeetCode All,https://leetcode.com/problems/find-the-index-of-the-first-occurrence-in-a-string/,https://youtu.be/JoF0Z7nVSrA,,pendiente
244,1822,sign-of-the-product-of-an-array,Sign of An Array,Arrays y hashing,01-arrays-y-hashing,Fácil,NeetCode All,https://leetcode.com/problems/sign-of-the-product-of-an-array/,https://youtu.be/ILDLM86jNow,,pendiente
245,160,intersection-of-two-linked-lists,Intersection of Two Linked Lists,Listas enlazadas,06-listas-enlazadas,Fácil,NeetCode All,https://leetcode.com/problems/intersection-of-two-linked-lists/,https://youtu.be/D0X0BONOQhI,,pendiente
246,69,sqrtx,Sqrt(x),Búsqueda binaria,05-busqueda-binaria,Fácil,NeetCode All,https://leetcode.com/problems/sqrtx/,https://youtu.be/zdMhGxRWutQ,,pendiente
247,26,remove-duplicates-from-sorted-array,Remove Duplicates From Sorted Array,Dos punteros,02-dos-punteros,Fácil,NeetCode All,https://leetcode.com/problems/remove-duplicates-from-sorted-array/,https://youtu.be/DEJAZBq0FDA,,pendiente
248,2215,find-the-difference-of-two-arrays,Find the Difference of Two Arrays,Arrays y hashing,01-arrays-y-hashing,Fácil,NeetCode All,https://leetcode.com/problems/find-the-difference-of-two-arrays/,https://youtu.be/a4wqKR-znBE,,pendiente
249,13,roman-to-integer,Roman to Integer,Matemática y geometría,17-matematica-y-geometria,Fácil,NeetCode All,https://leetcode.com/problems/roman-to-integer/,https://youtu.be/3jdxYj3DD98,,pendiente
250,101,symmetric-tree,Symmetric Tree,Árboles,07-arboles,Fácil,NeetCode All,https://leetcode.com/problems/symmetric-tree/,https://youtu.be/Mao9uzxwvmc,,pendiente
251,1603,design-parking-system,Design Parking System,Arrays y hashing,01-arrays-y-hashing,Fácil,NeetCode All,https://leetcode.com/problems/design-parking-system/,https://youtu.be/d5zCHesOrSk,,pendiente
252,912,sort-an-array,Sort an Array,Arrays y hashing,01-arrays-y-hashing,Media,NeetCode All,https://leetcode.com/problems/sort-an-array/,https://youtu.be/MsYZSinhuFo,,pendiente
253,701,insert-into-a-binary-search-tree,Insert into a Binary Search Tree,Árboles,07-arboles,Media,NeetCode All,https://leetcode.com/problems/insert-into-a-binary-search-tree/,https://youtu.be/Cpg8f79luEA,,pendiente
254,1905,count-sub-islands,Count Sub Islands,Grafos,11-grafos,Media,NeetCode All,https://leetcode.com/problems/count-sub-islands/,https://youtu.be/mLpW3qfbNJ8,,pendiente
255,120,triangle,Triangle,Programación dinámica 1D,13-programacion-dinamica-1d,Media,NeetCode All,https://leetcode.com/problems/triangle/,https://youtu.be/OM1MTokvxs4,,pendiente
256,2130,maximum-twin-sum-of-a-linked-list,Maximum Twin Sum Of A Linked List,Listas enlazadas,06-listas-enlazadas,Media,NeetCode All,https://leetcode.com/problems/maximum-twin-sum-of-a-linked-list/,https://youtu.be/doj95MelfSA,,pendiente
257,540,single-element-in-a-sorted-array,Single Element in a Sorted Array,Búsqueda binaria,05-busqueda-binaria,Media,NeetCode All,https://leetcode.com/problems/single-element-in-a-sorted-array/,https://youtu.be/HGtqdzyUJ3k,,pendiente
258,63,unique-paths-ii,Unique Paths II,Programación dinámica 2D,14-programacion-dinamica-2d,Media,NeetCode All,https://leetcode.com/problems/unique-paths-ii/,https://youtu.be/d3UOz7zdE4I,,pendiente
259,918,maximum-sum-circular-subarray,Maximum Sum Circular Subarray,Greedy,15-greedy,Media,NeetCode All,https://leetcode.com/problems/maximum-sum-circular-subarray/,https://youtu.be/fxT9KjakYPM,,pendiente
260,2390,removing-stars-from-a-string,Removing Stars From a String,Pila (stack),04-pila,Media,NeetCode All,https://leetcode.com/problems/removing-stars-from-a-string/,https://youtu.be/pRyFZIaKegA,,pendiente
261,75,sort-colors,Sort Colors,Arrays y hashing,01-arrays-y-hashing,Media,NeetCode All,https://leetcode.com/problems/sort-colors/,https://youtu.be/4xbWSRZHqac,,pendiente
262,1343,number-of-sub-arrays-of-size-k-and-average-greater-than-or-equal-to-threshold,Number of Sub Arrays of Size K and Avg Greater than or Equal to Threshold,Ventana deslizante,03-ventana-deslizante,Media,NeetCode All,https://leetcode.com/problems/number-of-sub-arrays-of-size-k-and-average-greater-than-or-equal-to-threshold/,https://youtu.be/D8B4tKxMTnY,,pendiente
263,2542,maximum-subsequence-score,Maximum Subsequence Score,Heap / cola de prioridad,09-heap,Media,NeetCode All,https://leetcode.com/problems/maximum-subsequence-score/,https://youtu.be/ax1DKi5lJwk,,pendiente
264,77,combinations,Combinations,Backtracking,10-backtracking,Media,NeetCode All,https://leetcode.com/problems/combinations/,https://youtu.be/q0s6m7AiM7o,,pendiente
265,450,delete-node-in-a-bst,Delete Node in a BST,Árboles,07-arboles,Media,NeetCode All,https://leetcode.com/problems/delete-node-in-a-bst/,https://youtu.be/LFzAoJJt92M,,pendiente
266,1466,reorder-routes-to-make-all-paths-lead-to-the-city-zero,Reorder Routes to Make All Paths Lead to The City Zero,Grafos,11-grafos,Media,NeetCode All,https://leetcode.com/problems/reorder-routes-to-make-all-paths-lead-to-the-city-zero/,https://youtu.be/m17yOR5_PpI,,pendiente
267,80,remove-duplicates-from-sorted-array-ii,Remove Duplicates From Sorted Array II,Dos punteros,02-dos-punteros,Media,NeetCode All,https://leetcode.com/problems/remove-duplicates-from-sorted-array-ii/,https://youtu.be/ycAq8iqh0TI,,pendiente
268,535,encode-and-decode-tinyurl,Encode and Decode TinyURL,Arrays y hashing,01-arrays-y-hashing,Media,NeetCode All,https://leetcode.com/problems/encode-and-decode-tinyurl/,https://youtu.be/VyBOaboQLGc,,pendiente
269,740,delete-and-earn,Delete And Earn,Programación dinámica 1D,13-programacion-dinamica-1d,Media,NeetCode All,https://leetcode.com/problems/delete-and-earn/,https://youtu.be/7FCemBxvGw0,,pendiente
270,59,spiral-matrix-ii,Spiral Matrix II,Matemática y geometría,17-matematica-y-geometria,Media,NeetCode All,https://leetcode.com/problems/spiral-matrix-ii/,https://youtu.be/RvLrWFBJ9fM,,pendiente
271,1443,minimum-time-to-collect-all-apples-in-a-tree,Minimum Time to Collect All Apples in a Tree,Árboles,07-arboles,Media,NeetCode All,https://leetcode.com/problems/minimum-time-to-collect-all-apples-in-a-tree/,https://youtu.be/Xdt5Z583auM,,pendiente
272,909,snakes-and-ladders,Snakes And Ladders,Grafos,11-grafos,Media,NeetCode All,https://leetcode.com/problems/snakes-and-ladders/,https://youtu.be/6lH4nO3JfLk,,pendiente
273,1721,swapping-nodes-in-a-linked-list,Swapping Nodes in a Linked List,Listas enlazadas,06-listas-enlazadas,Media,NeetCode All,https://leetcode.com/problems/swapping-nodes-in-a-linked-list/,https://youtu.be/4LsrgMyQIjQ,,pendiente
274,554,brick-wall,Brick Wall,Arrays y hashing,01-arrays-y-hashing,Media,NeetCode All,https://leetcode.com/problems/brick-wall/,https://youtu.be/Kkmv2h48ekw,,pendiente
275,1011,capacity-to-ship-packages-within-d-days,Capacity to Ship Packages,Búsqueda binaria,05-busqueda-binaria,Media,NeetCode All,https://leetcode.com/problems/capacity-to-ship-packages-within-d-days/,https://youtu.be/ER_oLmdc-nw,,pendiente
276,516,longest-palindromic-subsequence,Longest Palindromic Subsequence,Programación dinámica 2D,14-programacion-dinamica-2d,Media,NeetCode All,https://leetcode.com/problems/longest-palindromic-subsequence/,https://youtu.be/bUr8cNWI09Q,,pendiente
277,978,longest-turbulent-subarray,Longest Turbulent Array,Greedy,15-greedy,Media,NeetCode All,https://leetcode.com/problems/longest-turbulent-subarray/,https://youtu.be/V_iHUhR8Dek,,pendiente
278,946,validate-stack-sequences,Validate Stack Sequences,Pila (stack),04-pila,Media,NeetCode All,https://leetcode.com/problems/validate-stack-sequences/,https://youtu.be/mzua0r94kb8,,pendiente
279,103,binary-tree-zigzag-level-order-traversal,Binary Tree Zigzag Level Order Traversal,Árboles,07-arboles,Media,NeetCode All,https://leetcode.com/problems/binary-tree-zigzag-level-order-traversal/,https://youtu.be/igbboQbiwqw,,pendiente
280,752,open-the-lock,Open The Lock,Grafos,11-grafos,Media,NeetCode All,https://leetcode.com/problems/open-the-lock/,https://youtu.be/Pzg3bCDY87w,,pendiente
281,256,paint-house,Paint House,Programación dinámica 1D,13-programacion-dinamica-1d,Media,NeetCode All,https://leetcode.com/problems/paint-house/,https://youtu.be/-w67-4tnH5U,,pendiente
282,122,best-time-to-buy-and-sell-stock-ii,Best Time to Buy And Sell Stock II,Arrays y hashing,01-arrays-y-hashing,Media,NeetCode All,https://leetcode.com/problems/best-time-to-buy-and-sell-stock-ii/,https://youtu.be/3SJ3pUkPQMc,,pendiente
283,1838,frequency-of-the-most-frequent-element,Frequency of The Most Frequent Element,Ventana deslizante,03-ventana-deslizante,Media,NeetCode All,https://leetcode.com/problems/frequency-of-the-most-frequent-element/,https://youtu.be/vgBrQ0NM5vE,,pendiente
284,1834,single-threaded-cpu,Single Threaded Cpu,Heap / cola de prioridad,09-heap,Media,NeetCode All,https://leetcode.com/problems/single-threaded-cpu/,https://youtu.be/RR1n-d4oYqE,,pendiente
285,47,permutations-ii,Permutations II,Backtracking,10-backtracking,Media,NeetCode All,https://leetcode.com/problems/permutations-ii/,https://youtu.be/qhBVWf0YafA,,pendiente
286,707,design-linked-list,Design Linked List,Listas enlazadas,06-listas-enlazadas,Media,NeetCode All,https://leetcode.com/problems/design-linked-list/,https://youtu.be/Wf4QhpdVFQo,,pendiente
287,427,construct-quad-tree,Construct Quad Tree,Árboles,07-arboles,Media,NeetCode All,https://leetcode.com/problems/construct-quad-tree/,https://youtu.be/UQ-1sBMV0v4,,pendiente
288,802,find-eventual-safe-states,Find Eventual Safe States,Grafos,11-grafos,Media,NeetCode All,https://leetcode.com/problems/find-eventual-safe-states/,https://youtu.be/Re_v0j0CRsg,,pendiente
289,560,subarray-sum-equals-k,Subarray Sum Equals K,Arrays y hashing,01-arrays-y-hashing,Media,NeetCode All,https://leetcode.com/problems/subarray-sum-equals-k/,https://youtu.be/fFVZt-6sgyo,,pendiente
290,377,combination-sum-iv,Combination Sum IV,Programación dinámica 1D,13-programacion-dinamica-1d,Media,NeetCode All,https://leetcode.com/problems/combination-sum-iv/,https://youtu.be/dw2nMCxG0ik,,pendiente
291,18,4sum,4Sum,Dos punteros,02-dos-punteros,Media,NeetCode All,https://leetcode.com/problems/4sum/,https://youtu.be/EYeR-_1NRlQ,,pendiente
292,162,find-peak-element,Find Peak Element,Búsqueda binaria,05-busqueda-binaria,Media,NeetCode All,https://leetcode.com/problems/find-peak-element/,https://youtu.be/kMzJy9es7Hc,,pendiente
293,1631,path-with-minimum-effort,Path with Minimum Effort,Grafos avanzados,12-grafos-avanzados,Media,NeetCode All,https://leetcode.com/problems/path-with-minimum-effort/,https://youtu.be/XQlxCCx2vI4,,pendiente
294,1049,last-stone-weight-ii,Last Stone Weight II,Programación dinámica 2D,14-programacion-dinamica-2d,Media,NeetCode All,https://leetcode.com/problems/last-stone-weight-ii/,https://youtu.be/gdXkkmzvR3c,,pendiente
295,1871,jump-game-vii,Jump Game VII,Greedy,15-greedy,Media,NeetCode All,https://leetcode.com/problems/jump-game-vii/,https://youtu.be/v1HpZUnQ4Yo,,pendiente
296,1930,unique-length-3-palindromic-subsequences,Unique Length 3 Palindromic Subsequences,Arrays y hashing,01-arrays-y-hashing,Media,NeetCode All,https://leetcode.com/problems/unique-length-3-palindromic-subsequences/,https://youtu.be/3THUt0vAFLU,,pendiente
297,652,find-duplicate-subtrees,Find Duplicate Subtrees,Árboles,07-arboles,Media,NeetCode All,https://leetcode.com/problems/find-duplicate-subtrees/,https://youtu.be/kn0Z5_qPPzY,,pendiente
298,1462,course-schedule-iv,Course Schedule IV,Grafos,11-grafos,Media,NeetCode All,https://leetcode.com/problems/course-schedule-iv/,https://youtu.be/cEW05ofxhn0,,pendiente
299,735,asteroid-collision,Asteroid Collision,Pila (stack),04-pila,Media,NeetCode All,https://leetcode.com/problems/asteroid-collision/,https://youtu.be/LN7KjRszjk4,,pendiente
300,1472,design-browser-history,Design Browser History,Listas enlazadas,06-listas-enlazadas,Media,NeetCode All,https://leetcode.com/problems/design-browser-history/,https://youtu.be/i1G-kKnBu8k,,pendiente
301,1963,minimum-number-of-swaps-to-make-the-string-balanced,Minimum Number of Swaps to Make The String Balanced,Arrays y hashing,01-arrays-y-hashing,Media,NeetCode All,https://leetcode.com/problems/minimum-number-of-swaps-to-make-the-string-balanced/,https://youtu.be/3YDBT9ZrfaU,,pendiente
302,279,perfect-squares,Perfect Squares,Programación dinámica 1D,13-programacion-dinamica-1d,Media,NeetCode All,https://leetcode.com/problems/perfect-squares/,https://youtu.be/HLZLwjzIVGo,,pendiente
303,12,integer-to-roman,Integer to Roman,Matemática y geometría,17-matematica-y-geometria,Media,NeetCode All,https://leetcode.com/problems/integer-to-roman/,https://youtu.be/ohBNdSJyLh8,,pendiente
304,958,check-completeness-of-a-binary-tree,Check Completeness of a Binary Tree,Árboles,07-arboles,Media,NeetCode All,https://leetcode.com/problems/check-completeness-of-a-binary-tree/,https://youtu.be/olbiZ-EOSig,,pendiente
305,1958,check-if-move-is-legal,Check if Move Is Legal,Grafos,11-grafos,Media,NeetCode All,https://leetcode.com/problems/check-if-move-is-legal/,https://youtu.be/KxK33AcQZpQ,,pendiente
306,904,fruit-into-baskets,Fruits into Basket,Ventana deslizante,03-ventana-deslizante,Media,NeetCode All,https://leetcode.com/problems/fruit-into-baskets/,https://youtu.be/yYtaV0G3mWQ,,pendiente
307,1845,seat-reservation-manager,Seat Reservation Manager,Heap / cola de prioridad,09-heap,Media,NeetCode All,https://leetcode.com/problems/seat-reservation-manager/,https://youtu.be/ahobllKXEEY,,pendiente
308,93,restore-ip-addresses,Restore IP Addresses,Backtracking,10-backtracking,Media,NeetCode All,https://leetcode.com/problems/restore-ip-addresses/,https://youtu.be/61tN4YEdiTM,,pendiente
309,2001,number-of-pairs-of-interchangeable-rectangles,Number of Pairs of Interchangeable Rectangles,Arrays y hashing,01-arrays-y-hashing,Media,NeetCode All,https://leetcode.com/problems/number-of-pairs-of-interchangeable-rectangles/,https://youtu.be/lEQ8ZlLOuyQ,,pendiente
310,2300,successful-pairs-of-spells-and-potions,Successful Pairs of Spells and Potions,Búsqueda binaria,05-busqueda-binaria,Media,NeetCode All,https://leetcode.com/problems/successful-pairs-of-spells-and-potions/,https://youtu.be/OKnm5oyAhWg,,pendiente
311,877,stone-game,Stone Game,Programación dinámica 2D,14-programacion-dinamica-2d,Media,NeetCode All,https://leetcode.com/problems/stone-game/,https://youtu.be/uhgdXOlGYqE,,pendiente
312,2439,minimize-maximum-of-array,Minimize Maximum of Array,Greedy,15-greedy,Media,NeetCode All,https://leetcode.com/problems/minimize-maximum-of-array/,https://youtu.be/AeHMvcKuR0Y,,pendiente
313,106,construct-binary-tree-from-inorder-and-postorder-traversal,Construct Binary Tree from Inorder and Postorder Traversal,Árboles,07-arboles,Media,NeetCode All,https://leetcode.com/problems/construct-binary-tree-from-inorder-and-postorder-traversal/,https://youtu.be/vm63HuIU7kw,,pendiente
314,934,shortest-bridge,Shortest Bridge,Grafos,11-grafos,Media,NeetCode All,https://leetcode.com/problems/shortest-bridge/,https://youtu.be/gkINMhbbIbU,,pendiente
315,2369,check-if-there-is-a-valid-partition-for-the-array,Check if There is a Valid Partition For The Array,Programación dinámica 1D,13-programacion-dinamica-1d,Media,NeetCode All,https://leetcode.com/problems/check-if-there-is-a-valid-partition-for-the-array/,https://youtu.be/OxXPiwWFdTI,,pendiente
316,24,swap-nodes-in-pairs,Swap Nodes In Pairs,Listas enlazadas,06-listas-enlazadas,Media,NeetCode All,https://leetcode.com/problems/swap-nodes-in-pairs/,https://youtu.be/o811TZLAWOo,,pendiente
317,2002,maximum-product-of-the-length-of-two-palindromic-subsequences,Maximum Product of The Length of Two Palindromic Subsequences,Arrays y hashing,01-arrays-y-hashing,Media,NeetCode All,https://leetcode.com/problems/maximum-product-of-the-length-of-two-palindromic-subsequences/,https://youtu.be/aoHbYlO8vDg,,pendiente
318,901,online-stock-span,Online Stock Span,Pila (stack),04-pila,Media,NeetCode All,https://leetcode.com/problems/online-stock-span/,https://youtu.be/slYh0ZNEqSw,,pendiente
319,662,maximum-width-of-binary-tree,Maximum Width of Binary Tree,Árboles,07-arboles,Media,NeetCode All,https://leetcode.com/problems/maximum-width-of-binary-tree/,https://youtu.be/FPzLE2L7uHs,,pendiente
320,1091,shortest-path-in-binary-matrix,Shortest Path in Binary Matrix,Grafos,11-grafos,Media,NeetCode All,https://leetcode.com/problems/shortest-path-in-binary-matrix/,https://youtu.be/YnxUdAO7TAo,,pendiente
321,1498,number-of-subsequences-that-satisfy-the-given-sum-condition,Number of Subsequences That Satisfy The Given Sum Condition,Dos punteros,02-dos-punteros,Media,NeetCode All,https://leetcode.com/problems/number-of-subsequences-that-satisfy-the-given-sum-condition/,https://youtu.be/xCsIkPLS4Ls,,pendiente
322,2017,grid-game,Grid Game,Arrays y hashing,01-arrays-y-hashing,Media,NeetCode All,https://leetcode.com/problems/grid-game/,https://youtu.be/N4wDSOw65hI,,pendiente
323,1856,maximum-subarray-min-product,Maximum Subarray Min Product,Programación dinámica 1D,13-programacion-dinamica-1d,Media,NeetCode All,https://leetcode.com/problems/maximum-subarray-min-product/,https://youtu.be/YLesLbNkyjA,,pendiente
324,1456,maximum-number-of-vowels-in-a-substring-of-given-length,Maximum Number of Vowels in a Substring of Given Length,Ventana deslizante,03-ventana-deslizante,Media,NeetCode All,https://leetcode.com/problems/maximum-number-of-vowels-in-a-substring-of-given-length/,https://youtu.be/kEfPSzgL-Ss,,pendiente
325,1882,process-tasks-using-servers,Process Tasks Using Servers,Heap / cola de prioridad,09-heap,Media,NeetCode All,https://leetcode.com/problems/process-tasks-using-servers/,https://youtu.be/XKA22PecuMQ,,pendiente
326,473,matchsticks-to-square,Matchsticks to Square,Backtracking,10-backtracking,Media,NeetCode All,https://leetcode.com/problems/matchsticks-to-square/,https://youtu.be/hUe0cUKV-YY,,pendiente
327,2616,minimize-the-maximum-difference-of-pairs,Minimize the Maximum Difference of Pairs,Búsqueda binaria,05-busqueda-binaria,Media,NeetCode All,https://leetcode.com/problems/minimize-the-maximum-difference-of-pairs/,https://youtu.be/lf1Pxg7IrzQ,,pendiente
328,64,minimum-path-sum,Minimum Path Sum,Programación dinámica 2D,14-programacion-dinamica-2d,Media,NeetCode All,https://leetcode.com/problems/minimum-path-sum/,https://youtu.be/pGMsrvt0fpk,,pendiente
329,649,dota2-senate,Dota2 Senate,Greedy,15-greedy,Media,NeetCode All,https://leetcode.com/problems/dota2-senate/,https://youtu.be/zZA5KskfMuQ,,pendiente
330,1376,time-needed-to-inform-all-employees,Time Needed to Inform All Employees,Árboles,07-arboles,Media,NeetCode All,https://leetcode.com/problems/time-needed-to-inform-all-employees/,https://youtu.be/zdBYi0p4L5Q,,pendiente
331,721,accounts-merge,Accounts Merge,Grafos,11-grafos,Media,NeetCode All,https://leetcode.com/problems/accounts-merge/,https://youtu.be/6st4IxEF-90,,pendiente
332,148,sort-list,Sort List,Listas enlazadas,06-listas-enlazadas,Media,NeetCode All,https://leetcode.com/problems/sort-list/,https://youtu.be/TGveA1oFhrc,,pendiente
333,438,find-all-anagrams-in-a-string,Find All Anagrams in a String,Arrays y hashing,01-arrays-y-hashing,Media,NeetCode All,https://leetcode.com/problems/find-all-anagrams-in-a-string/,https://youtu.be/G8xtZy0fDKg,,pendiente
334,280,wiggle-sort,Wiggle Sort,Arrays y hashing,01-arrays-y-hashing,Media,NeetCode All,https://www.lintcode.com/problem/508/,https://youtu.be/vGsyTE4s34w,,pendiente
335,71,simplify-path,Simplify Path,Pila (stack),04-pila,Media,NeetCode All,https://leetcode.com/problems/simplify-path/,https://youtu.be/qYlHrAKJfyA,,pendiente
336,96,unique-binary-search-trees,Unique Binary Search Trees,Árboles,07-arboles,Media,NeetCode All,https://leetcode.com/problems/unique-binary-search-trees/,https://youtu.be/Ox0TenN3Zpg,,pendiente
337,2707,extra-characters-in-a-string,Extra Characters in a String,Tries,08-tries,Media,NeetCode All,https://leetcode.com/problems/extra-characters-in-a-string/,https://youtu.be/ONstwO1cD7c,,pendiente
338,2359,find-closest-node-to-given-two-nodes,Find Closest Node to Given Two Nodes,Grafos,11-grafos,Media,NeetCode All,https://leetcode.com/problems/find-closest-node-to-given-two-nodes/,https://youtu.be/AZA8orksO4w,,pendiente
339,983,minimum-cost-for-tickets,Minimum Cost For Tickets,Programación dinámica 1D,13-programacion-dinamica-1d,Media,NeetCode All,https://leetcode.com/problems/minimum-cost-for-tickets/,https://youtu.be/4pY1bsBpIY4,,pendiente
340,1288,remove-covered-intervals,Remove Covered Intervals,Intervalos,16-intervalos,Media,NeetCode All,https://leetcode.com/problems/remove-covered-intervals/,https://youtu.be/nhAsMabiVkM,,pendiente
341,1041,robot-bounded-in-circle,Robot Bounded In Circle,Matemática y geometría,17-matematica-y-geometria,Media,NeetCode All,https://leetcode.com/problems/robot-bounded-in-circle/,https://youtu.be/nKv2LnC_g6E,,pendiente
342,179,largest-number,Largest Number,Arrays y hashing,01-arrays-y-hashing,Media,NeetCode All,https://leetcode.com/problems/largest-number/,https://youtu.be/WDx6Y4i4xJ8,,pendiente
343,86,partition-list,Partition List,Listas enlazadas,06-listas-enlazadas,Media,NeetCode All,https://leetcode.com/problems/partition-list/,https://youtu.be/KT1iUciJr4g,,pendiente
344,95,unique-binary-search-trees-ii,Unique Binary Search Trees II,Árboles,07-arboles,Media,NeetCode All,https://leetcode.com/problems/unique-binary-search-trees-ii/,https://youtu.be/m907FlQa2Yc,,pendiente
345,1162,as-far-from-land-as-possible,As Far from Land as Possible,Grafos,11-grafos,Media,NeetCode All,https://leetcode.com/problems/as-far-from-land-as-possible/,https://youtu.be/fjxb1hQfrZk,,pendiente
346,81,search-in-rotated-sorted-array-ii,Search In Rotated Sorted Array II,Búsqueda binaria,05-busqueda-binaria,Media,NeetCode All,https://leetcode.com/problems/search-in-rotated-sorted-array-ii/,https://youtu.be/oUnF7o88_Xc,,pendiente
347,221,maximal-square,Maximal Square,Programación dinámica 2D,14-programacion-dinamica-2d,Media,NeetCode All,https://leetcode.com/problems/maximal-square/,https://youtu.be/6X7Ha2PrDmM,,pendiente
348,1423,maximum-points-you-can-obtain-from-cards,Maximum Points You Can Obtain From Cards,Greedy,15-greedy,Media,NeetCode All,https://leetcode.com/problems/maximum-points-you-can-obtain-from-cards/,https://youtu.be/TsA4vbtfCvo,,pendiente
349,1888,minimum-number-of-flips-to-make-the-binary-string-alternating,Minimum Number of Flips to Make The Binary String Alternating,Ventana deslizante,03-ventana-deslizante,Media,NeetCode All,https://leetcode.com/problems/minimum-number-of-flips-to-make-the-binary-string-alternating/,https://youtu.be/MOeuK6gaC2A,,pendiente
350,1985,find-the-kth-largest-integer-in-the-array,Find The Kth Largest Integer In The Array,Heap / cola de prioridad,09-heap,Media,NeetCode All,https://leetcode.com/problems/find-the-kth-largest-integer-in-the-array/,https://youtu.be/lRCaNiqO3xI,,pendiente
351,1849,splitting-a-string-into-descending-consecutive-values,Splitting a String Into Descending Consecutive Values,Backtracking,10-backtracking,Media,NeetCode All,https://leetcode.com/problems/splitting-a-string-into-descending-consecutive-values/,https://youtu.be/eDtMmysldaw,,pendiente
352,343,integer-break,Integer Break,Programación dinámica 1D,13-programacion-dinamica-1d,Media,NeetCode All,https://leetcode.com/problems/integer-break/,https://youtu.be/in6QbUPMJ3I,,pendiente
353,523,continuous-subarray-sum,Continuous Subarray Sum,Arrays y hashing,01-arrays-y-hashing,Media,NeetCode All,https://leetcode.com/problems/continuous-subarray-sum/,https://youtu.be/OKcrLfR-8mE,,pendiente
354,189,rotate-array,Rotate Array,Dos punteros,02-dos-punteros,Media,NeetCode All,https://leetcode.com/problems/rotate-array/,https://youtu.be/BHr381Guz3Y,,pendiente
355,129,sum-root-to-leaf-numbers,Sum Root to Leaf Numbers,Árboles,07-arboles,Media,NeetCode All,https://leetcode.com/problems/sum-root-to-leaf-numbers/,https://youtu.be/Jk16lZGFWxE,,pendiente
356,1129,shortest-path-with-alternating-colors,Shortest Path with Alternating Colors,Grafos,11-grafos,Media,NeetCode All,https://leetcode.com/problems/shortest-path-with-alternating-colors/,https://youtu.be/69rcy6lb-HQ,,pendiente
357,394,decode-string,Decode String,Pila (stack),04-pila,Media,NeetCode All,https://leetcode.com/problems/decode-string/,https://youtu.be/qB0zZpBJlh8,,pendiente
358,838,push-dominoes,Push Dominoes,Arrays y hashing,01-arrays-y-hashing,Media,NeetCode All,https://leetcode.com/problems/push-dominoes/,https://youtu.be/evUFsOb_iLY,,pendiente
359,61,rotate-list,Rotate List,Listas enlazadas,06-listas-enlazadas,Media,NeetCode All,https://leetcode.com/problems/rotate-list/,https://youtu.be/UcGtPs2LE_c,,pendiente
360,673,number-of-longest-increasing-subsequence,Number of Longest Increasing Subsequence,Programación dinámica 1D,13-programacion-dinamica-1d,Media,NeetCode All,https://leetcode.com/problems/number-of-longest-increasing-subsequence/,https://youtu.be/Tuc-rjJbsXU,,pendiente
361,337,house-robber-iii,House Robber III,Árboles,07-arboles,Media,NeetCode All,https://leetcode.com/problems/house-robber-iii/,https://youtu.be/nHR8ytpzz7c,,pendiente
362,2477,minimum-fuel-cost-to-report-to-the-capital,Minimum Fuel Cost to Report to the Capital,Grafos,11-grafos,Media,NeetCode All,https://leetcode.com/problems/minimum-fuel-cost-to-report-to-the-capital/,https://youtu.be/I3lnDUIzIG4,,pendiente
363,34,find-first-and-last-position-of-element-in-sorted-array,Find First And Last Position of Element In Sorted Array,Búsqueda binaria,05-busqueda-binaria,Media,NeetCode All,https://leetcode.com/problems/find-first-and-last-position-of-element-in-sorted-array/,https://youtu.be/4sQL7R5ySUU,,pendiente
364,474,ones-and-zeroes,Ones and Zeroes,Programación dinámica 2D,14-programacion-dinamica-2d,Media,NeetCode All,https://leetcode.com/problems/ones-and-zeroes/,https://youtu.be/miZ3qV04b1g,,pendiente
365,1921,eliminate-maximum-number-of-monsters,Eliminate Maximum Number of Monsters,Greedy,15-greedy,Media,NeetCode All,https://leetcode.com/problems/eliminate-maximum-number-of-monsters/,https://youtu.be/6QQRayzOTD4,,pendiente
366,187,repeated-dna-sequences,Repeated DNA Sequences,Arrays y hashing,01-arrays-y-hashing,Media,NeetCode All,https://leetcode.com/problems/repeated-dna-sequences/,https://youtu.be/FzTYfsmtOso,,pendiente
367,209,minimum-size-subarray-sum,Minimum Size Subarray Sum,Ventana deslizante,03-ventana-deslizante,Media,NeetCode All,https://leetcode.com/problems/minimum-size-subarray-sum/,https://youtu.be/aYqYMIqZx5s,,pendiente
368,767,reorganize-string,Reorganize String,Heap / cola de prioridad,09-heap,Media,NeetCode All,https://leetcode.com/problems/reorganize-string/,https://youtu.be/2g_b1aYTHeg,,pendiente
369,1980,find-unique-binary-string,Find Unique Binary String,Backtracking,10-backtracking,Media,NeetCode All,https://leetcode.com/problems/find-unique-binary-string/,https://youtu.be/aHqn4Dynd1k,,pendiente
370,951,flip-equivalent-binary-trees,Flip Equivalent Binary Trees,Árboles,07-arboles,Media,NeetCode All,https://leetcode.com/problems/flip-equivalent-binary-trees/,https://youtu.be/izRDc1il9Pk,,pendiente
371,2492,minimum-score-of-a-path-between-two-cities,Minimum Score of a Path Between Two Cities,Grafos,11-grafos,Media,NeetCode All,https://leetcode.com/problems/minimum-score-of-a-path-between-two-cities/,https://youtu.be/K7-mXA0irhY,,pendiente
372,380,insert-delete-getrandom-o1,Insert Delete Get Random O(1),Arrays y hashing,01-arrays-y-hashing,Media,NeetCode All,https://leetcode.com/problems/insert-delete-getrandom-o1/,https://youtu.be/j4KwhBziOpg,,pendiente
373,1035,uncrossed-lines,Uncrossed Lines,Programación dinámica 1D,13-programacion-dinamica-1d,Media,NeetCode All,https://leetcode.com/problems/uncrossed-lines/,https://youtu.be/mnJF4vJ7GyE,,pendiente
374,6,zigzag-conversion,Zigzag Conversion,Matemática y geometría,17-matematica-y-geometria,Media,NeetCode All,https://leetcode.com/problems/zigzag-conversion/,https://youtu.be/Q2Tw6gcVEwc,,pendiente
375,92,reverse-linked-list-ii,Reverse Linked List II,Listas enlazadas,06-listas-enlazadas,Media,NeetCode All,https://leetcode.com/problems/reverse-linked-list-ii/,https://youtu.be/RF_M9tX4Eag,,pendiente
376,402,remove-k-digits,Remove K Digits,Pila (stack),04-pila,Media,NeetCode All,https://leetcode.com/problems/remove-k-digits/,https://youtu.be/cFabMOnJaq0,,pendiente
377,1993,operations-on-tree,Operations On Tree,Árboles,07-arboles,Media,NeetCode All,https://leetcode.com/problems/operations-on-tree/,https://youtu.be/qK4PtjrVD0U,,pendiente
378,1254,number-of-closed-islands,Number of Closed Islands,Grafos,11-grafos,Media,NeetCode All,https://leetcode.com/problems/number-of-closed-islands/,https://youtu.be/X8k48xek8g8,,pendiente
379,1461,check-if-a-string-contains-all-binary-codes-of-size-k,Check if a String Contains all Binary Codes of Size K,Arrays y hashing,01-arrays-y-hashing,Media,NeetCode All,https://leetcode.com/problems/check-if-a-string-contains-all-binary-codes-of-size-k/,https://youtu.be/qU32rTy_kOM,,pendiente
380,1968,array-with-elements-not-equal-to-average-of-neighbors,Array With Elements Not Equal to Average of Neighbors,Dos punteros,02-dos-punteros,Media,NeetCode All,https://leetcode.com/problems/array-with-elements-not-equal-to-average-of-neighbors/,https://youtu.be/Wmb3YdVYfqM,,pendiente
381,1898,maximum-number-of-removable-characters,Maximum Number of Removable Characters,Búsqueda binaria,05-busqueda-binaria,Media,NeetCode All,https://leetcode.com/problems/maximum-number-of-removable-characters/,https://youtu.be/NMP3nRPyX5g,,pendiente
382,1514,path-with-maximum-probability,Path with Maximum Probability,Grafos avanzados,12-grafos-avanzados,Media,NeetCode All,https://leetcode.com/problems/path-with-maximum-probability/,https://youtu.be/kPsDTGcrzGM,,pendiente
383,1911,maximum-alternating-subsequence-sum,Maximum Alternating Subsequence Sum,Programación dinámica 2D,14-programacion-dinamica-2d,Media,NeetCode All,https://leetcode.com/problems/maximum-alternating-subsequence-sum/,https://youtu.be/4v42XOuU1XA,,pendiente
384,1029,two-city-scheduling,Two City Scheduling,Greedy,15-greedy,Media,NeetCode All,https://leetcode.com/problems/two-city-scheduling/,https://youtu.be/d-B_gk_gJtQ,,pendiente
385,2140,solving-questions-with-brainpower,Solving Questions With Brainpower,Programación dinámica 1D,13-programacion-dinamica-1d,Media,NeetCode All,https://leetcode.com/problems/solving-questions-with-brainpower/,https://youtu.be/D7TD_ArkfkA,,pendiente
386,304,range-sum-query-2d-immutable,Range Sum Query 2D Immutable,Arrays y hashing,01-arrays-y-hashing,Media,NeetCode All,https://leetcode.com/problems/range-sum-query-2d-immutable/,https://youtu.be/KE8MQuwE2yA,,pendiente
387,894,all-possible-full-binary-trees,All Possible Full Binary Trees,Árboles,07-arboles,Media,NeetCode All,https://leetcode.com/problems/all-possible-full-binary-trees/,https://youtu.be/nZtrZPTTCAo,,pendiente
388,1020,number-of-enclaves,Number of Enclaves,Grafos,11-grafos,Media,NeetCode All,https://leetcode.com/problems/number-of-enclaves/,https://youtu.be/gf0zsh1FIgE,,pendiente
389,622,design-circular-queue,Design Circular Queue,Listas enlazadas,06-listas-enlazadas,Media,NeetCode All,https://leetcode.com/problems/design-circular-queue/,https://youtu.be/aBbsfn863oA,,pendiente
390,658,find-k-closest-elements,Find K Closest Elements,Ventana deslizante,03-ventana-deslizante,Media,NeetCode All,https://leetcode.com/problems/find-k-closest-elements/,https://youtu.be/o-YDQzHoaKM,,pendiente
391,1405,longest-happy-string,Longest Happy String,Heap / cola de prioridad,09-heap,Media,NeetCode All,https://leetcode.com/problems/longest-happy-string/,https://youtu.be/8u-H6O_XQKE,,pendiente
392,1239,maximum-length-of-a-concatenated-string-with-unique-characters,Maximum Length of a Concatenated String With Unique Characters,Backtracking,10-backtracking,Media,NeetCode All,https://leetcode.com/problems/maximum-length-of-a-concatenated-string-with-unique-characters/,https://youtu.be/d4SPuvkaeoo,,pendiente
393,665,non-decreasing-array,Non Decreasing Array,Arrays y hashing,01-arrays-y-hashing,Media,NeetCode All,https://leetcode.com/problems/non-decreasing-array/,https://youtu.be/RegQckCegDk,,pendiente
394,1209,remove-all-adjacent-duplicates-in-string-ii,Remove All Adjacent Duplicates In String II,Pila (stack),04-pila,Media,NeetCode All,https://leetcode.com/problems/remove-all-adjacent-duplicates-in-string-ii/,https://youtu.be/w6LcypDgC4w,,pendiente
395,513,find-bottom-left-tree-value,Find Bottom Left Tree Value,Árboles,07-arboles,Media,NeetCode All,https://leetcode.com/problems/find-bottom-left-tree-value/,https://youtu.be/u_by_cTsNJA,,pendiente
396,1557,minimum-number-of-vertices-to-reach-all-nodes,Minimum Number of Vertices to Reach all Nodes,Grafos,11-grafos,Media,NeetCode All,https://leetcode.com/problems/minimum-number-of-vertices-to-reach-all-nodes/,https://youtu.be/TLzcum7vrTc,,pendiente
397,2466,count-ways-to-build-good-strings,Count Ways to Build Good Strings,Programación dinámica 1D,13-programacion-dinamica-1d,Media,NeetCode All,https://leetcode.com/problems/count-ways-to-build-good-strings/,https://youtu.be/JKpVHG2mhbk,,pendiente
398,116,populating-next-right-pointers-in-each-node,Populating Next Right Pointers In Each Node,Búsqueda binaria,05-busqueda-binaria,Media,NeetCode All,https://leetcode.com/problems/populating-next-right-pointers-in-each-node/,https://youtu.be/U4hFQCa1Cq0,,pendiente
399,1140,stone-game-ii,Stone Game II,Programación dinámica 2D,14-programacion-dinamica-2d,Media,NeetCode All,https://leetcode.com/problems/stone-game-ii/,https://youtu.be/I-z-u0zfQtg,,pendiente
400,646,maximum-length-of-pair-chain,Maximum Length of Pair Chain,Greedy,15-greedy,Media,NeetCode All,https://leetcode.com/problems/maximum-length-of-pair-chain/,https://youtu.be/LcNNorqMVTw,,pendiente
401,2348,number-of-zero-filled-subarrays,Number of Zero-Filled Subarrays,Arrays y hashing,01-arrays-y-hashing,Media,NeetCode All,https://leetcode.com/problems/number-of-zero-filled-subarrays/,https://youtu.be/G-EWVGCcL_w,,pendiente
402,147,insertion-sort-list,Insertion Sort List,Listas enlazadas,06-listas-enlazadas,Media,NeetCode All,https://leetcode.com/problems/insertion-sort-list/,https://youtu.be/Kk6mXAzqX3Y,,pendiente
403,669,trim-a-binary-search-tree,Trim a Binary Search Tree,Árboles,07-arboles,Media,NeetCode All,https://leetcode.com/problems/trim-a-binary-search-tree/,https://youtu.be/jwt5mTjEXGc,,pendiente
404,785,is-graph-bipartite,Is Graph Bipartite?,Grafos,11-grafos,Media,NeetCode All,https://leetcode.com/problems/is-graph-bipartite/,https://youtu.be/mev55LTubBY,,pendiente
405,2405,optimal-partition-of-string,Optimal Partition of String,Arrays y hashing,01-arrays-y-hashing,Media,NeetCode All,https://leetcode.com/problems/optimal-partition-of-string/,https://youtu.be/CKZPdiXiQf0,,pendiente
406,837,new-21-game,New 21 Game,Programación dinámica 1D,13-programacion-dinamica-1d,Media,NeetCode All,https://leetcode.com/problems/new-21-game/,https://youtu.be/zKi4LzjK27k,,pendiente
407,2028,find-missing-observations,Find Missing Observations,Matemática y geometría,17-matematica-y-geometria,Media,NeetCode All,https://leetcode.com/problems/find-missing-observations/,https://youtu.be/86yKkaNi3sU,,pendiente
408,881,boats-to-save-people,Boats to Save People,Dos punteros,02-dos-punteros,Media,NeetCode All,https://leetcode.com/problems/boats-to-save-people/,https://youtu.be/XbaxWuHIWUs,,pendiente
409,173,binary-search-tree-iterator,Binary Search Tree Iterator,Árboles,07-arboles,Media,NeetCode All,https://leetcode.com/problems/binary-search-tree-iterator/,https://youtu.be/RXy5RzGF5wo,,pendiente
410,399,evaluate-division,Evaluate Division,Grafos,11-grafos,Media,NeetCode All,https://leetcode.com/problems/evaluate-division/,https://youtu.be/Uei1fwDoyKk,,pendiente
411,1658,minimum-operations-to-reduce-x-to-zero,Minimum Operations to Reduce X to Zero,Ventana deslizante,03-ventana-deslizante,Media,NeetCode All,https://leetcode.com/problems/minimum-operations-to-reduce-x-to-zero/,https://youtu.be/xumn16n7njs,,pendiente
412,1094,car-pooling,Car Pooling,Heap / cola de prioridad,09-heap,Media,NeetCode All,https://leetcode.com/problems/car-pooling/,https://youtu.be/08sn_w4LWEE,,pendiente
413,698,partition-to-k-equal-sum-subsets,Partition to K Equal Sum Subsets,Backtracking,10-backtracking,Media,NeetCode All,https://leetcode.com/problems/partition-to-k-equal-sum-subsets/,https://youtu.be/mBk4I0X46oI,,pendiente
414,1396,design-underground-system,Design Underground System,Arrays y hashing,01-arrays-y-hashing,Media,NeetCode All,https://leetcode.com/problems/design-underground-system/,https://youtu.be/W5QOLqXskZM,,pendiente
415,456,132-pattern,132 Pattern,Pila (stack),04-pila,Media,NeetCode All,https://leetcode.com/problems/132-pattern/,https://youtu.be/q5ANAl8Z458,,pendiente
416,1268,search-suggestions-system,Search Suggestions System,Búsqueda binaria,05-busqueda-binaria,Media,NeetCode All,https://leetcode.com/problems/search-suggestions-system/,https://youtu.be/D4T2N0yAr20,,pendiente
417,926,flip-string-to-monotone-increasing,Flip String to Monotone Increasing,Programación dinámica 2D,14-programacion-dinamica-2d,Media,NeetCode All,https://leetcode.com/problems/flip-string-to-monotone-increasing/,https://youtu.be/tMq9z5k3umQ,,pendiente
418,1647,minimum-deletions-to-make-character-frequencies-unique,Minimum Deletions to Make Character Frequencies Unique,Greedy,15-greedy,Media,NeetCode All,https://leetcode.com/problems/minimum-deletions-to-make-character-frequencies-unique/,https://youtu.be/h8AZEN49gTc,,pendiente
419,725,split-linked-list-in-parts,Split Linked List in Parts,Listas enlazadas,06-listas-enlazadas,Media,NeetCode All,https://leetcode.com/problems/split-linked-list-in-parts/,https://youtu.be/-OTlqdrxrVI,,pendiente
420,1626,best-team-with-no-conflicts,Best Team with no Conflicts,Programación dinámica 1D,13-programacion-dinamica-1d,Media,NeetCode All,https://leetcode.com/problems/best-team-with-no-conflicts/,https://youtu.be/7kURH3btcV4,,pendiente
421,538,convert-bst-to-greater-tree,Convert Bst to Greater Tree,Árboles,07-arboles,Media,NeetCode All,https://leetcode.com/problems/convert-bst-to-greater-tree/,https://youtu.be/7vVEJwVvAlI,,pendiente
422,2101,detonate-the-maximum-bombs,Detonate the Maximum Bombs,Grafos,11-grafos,Media,NeetCode All,https://leetcode.com/problems/detonate-the-maximum-bombs/,https://youtu.be/8NPbAvVXKR4,,pendiente
423,2483,minimum-penalty-for-a-shop,Minimum Penalty for a Shop,Arrays y hashing,01-arrays-y-hashing,Media,NeetCode All,https://leetcode.com/problems/minimum-penalty-for-a-shop/,https://youtu.be/0d7ShRoOFVE,,pendiente
424,1220,count-vowels-permutation,Count Vowels Permutation,Programación dinámica 2D,14-programacion-dinamica-2d,Difícil,NeetCode All,https://leetcode.com/problems/count-vowels-permutation/,https://youtu.be/VUVpTZVa7Ls,,pendiente
425,691,stickers-to-spell-word,Stickers to Spell Word,Programación dinámica 1D,13-programacion-dinamica-1d,Difícil,NeetCode All,https://leetcode.com/problems/stickers-to-spell-word/,https://youtu.be/hsomLb6mUdI,,pendiente
426,41,first-missing-positive,First Missing Positive,Arrays y hashing,01-arrays-y-hashing,Difícil,NeetCode All,https://leetcode.com/problems/first-missing-positive/,https://youtu.be/8g78yfzMlao,,pendiente
427,1675,minimize-deviation-in-array,Minimize Deviation in Array,Heap / cola de prioridad,09-heap,Difícil,NeetCode All,https://leetcode.com/problems/minimize-deviation-in-array/,https://youtu.be/boHNFptxo2A,,pendiente
428,2421,number-of-good-paths,Number of Good Paths,Grafos avanzados,12-grafos-avanzados,Difícil,NeetCode All,https://leetcode.com/problems/number-of-good-paths/,https://youtu.be/rv2GBYQm7xM,,pendiente
429,1866,number-of-ways-to-rearrange-sticks-with-k-sticks-visible,Number of Ways to Rearrange Sticks With K Sticks Visible,Programación dinámica 2D,14-programacion-dinamica-2d,Difícil,NeetCode All,https://leetcode.com/problems/number-of-ways-to-rearrange-sticks-with-k-sticks-visible/,https://youtu.be/O761YBjGxGA,,pendiente
430,1857,largest-color-value-in-a-directed-graph,Largest Color Value in a Directed Graph,Grafos,11-grafos,Difícil,NeetCode All,https://leetcode.com/problems/largest-color-value-in-a-directed-graph/,https://youtu.be/xLoDjKczUSk,,pendiente
431,1406,stone-game-iii,Stone Game III,Programación dinámica 1D,13-programacion-dinamica-1d,Difícil,NeetCode All,https://leetcode.com/problems/stone-game-iii/,https://youtu.be/HsLG5QW9CFQ,,pendiente
432,2218,maximum-value-of-k-coins-from-piles,Maximum Value of K Coins from Piles,Programación dinámica 2D,14-programacion-dinamica-2d,Difícil,NeetCode All,https://leetcode.com/problems/maximum-value-of-k-coins-from-piles/,https://youtu.be/ZRdEd_eun8g,,pendiente
433,472,concatenated-words,Concatenated Words,Programación dinámica 1D,13-programacion-dinamica-1d,Difícil,NeetCode All,https://leetcode.com/problems/concatenated-words/,https://youtu.be/iHp7fjw1R28,,pendiente
434,68,text-justification,Text Justification,Arrays y hashing,01-arrays-y-hashing,Difícil,NeetCode All,https://leetcode.com/problems/text-justification/,https://youtu.be/TzMl4Z7pVh8,,pendiente
435,895,maximum-frequency-stack,Maximum Frequency Stack,Pila (stack),04-pila,Difícil,NeetCode All,https://leetcode.com/problems/maximum-frequency-stack/,https://youtu.be/Z6idIicFDOE,,pendiente
436,410,split-array-largest-sum,Split Array Largest Sum,Búsqueda binaria,05-busqueda-binaria,Difícil,NeetCode All,https://leetcode.com/problems/split-array-largest-sum/,https://youtu.be/YUF3_eBdzsk,,pendiente
437,460,lfu-cache,LFU Cache,Listas enlazadas,06-listas-enlazadas,Difícil,NeetCode All,https://leetcode.com/problems/lfu-cache/,https://youtu.be/bLEIHn-DgoA,,pendiente
438,1383,maximum-performance-of-a-team,Maximum Performance of a Team,Heap / cola de prioridad,09-heap,Difícil,NeetCode All,https://leetcode.com/problems/maximum-performance-of-a-team/,https://youtu.be/Y7UTvogADH0,,pendiente
439,52,n-queens-ii,N Queens II,Backtracking,10-backtracking,Difícil,NeetCode All,https://leetcode.com/problems/n-queens-ii/,https://youtu.be/nalYyLZgvCY,,pendiente
440,1579,remove-max-number-of-edges-to-keep-graph-fully-traversable,Remove Max Number of Edges to Keep Graph Fully Traversable,Grafos avanzados,12-grafos-avanzados,Difícil,NeetCode All,https://leetcode.com/problems/remove-max-number-of-edges-to-keep-graph-fully-traversable/,https://youtu.be/booGwg5wYm4,,pendiente
441,920,number-of-music-playlists,Number of Music Playlists,Programación dinámica 2D,14-programacion-dinamica-2d,Difícil,NeetCode All,https://leetcode.com/problems/number-of-music-playlists/,https://youtu.be/gk4qzZSmyrs,,pendiente
442,135,candy,Candy,Greedy,15-greedy,Difícil,NeetCode All,https://leetcode.com/problems/candy/,https://youtu.be/1IzCRCcK17A,,pendiente
443,352,data-stream-as-disjoint-intervals,Data Stream as Disjoint Intervals,Intervalos,16-intervalos,Difícil,NeetCode All,https://leetcode.com/problems/data-stream-as-disjoint-intervals/,https://youtu.be/FavoZjPIWpo,,pendiente
444,149,max-points-on-a-line,Maximum Points on a Line,Matemática y geometría,17-matematica-y-geometria,Difícil,NeetCode All,https://leetcode.com/problems/max-points-on-a-line/,https://youtu.be/Bb9lOXUOnFw,,pendiente
445,1799,maximize-score-after-n-operations,Maximize Score after N Operations,Programación dinámica 1D,13-programacion-dinamica-1d,Difícil,NeetCode All,https://leetcode.com/problems/maximize-score-after-n-operations/,https://youtu.be/RRQVDqp5RSE,,pendiente
446,1639,number-of-ways-to-form-a-target-string-given-a-dictionary,Number of Ways to Form a Target String Given a Dictionary,Programación dinámica 2D,14-programacion-dinamica-2d,Difícil,NeetCode All,https://leetcode.com/problems/number-of-ways-to-form-a-target-string-given-a-dictionary/,https://youtu.be/_GF-0T-YjW8,,pendiente
447,1553,minimum-number-of-days-to-eat-n-oranges,Minimum Number of Days to Eat N Oranges,Grafos,11-grafos,Difícil,NeetCode All,https://leetcode.com/problems/minimum-number-of-days-to-eat-n-oranges/,https://youtu.be/LziQ6Qx9sks,,pendiente
448,1964,find-the-longest-valid-obstacle-course-at-each-position,Find the Longest Valid Obstacle Course at Each Position,Programación dinámica 1D,13-programacion-dinamica-1d,Difícil,NeetCode All,https://leetcode.com/problems/find-the-longest-valid-obstacle-course-at-each-position/,https://youtu.be/Xq9VT7p0lic,,pendiente
449,879,profitable-schemes,Profitable Schemes,Programación dinámica 2D,14-programacion-dinamica-2d,Difícil,NeetCode All,https://leetcode.com/problems/profitable-schemes/,https://youtu.be/CcLKQLKvOl8,,pendiente
450,2306,naming-a-company,Naming a Company,Arrays y hashing,01-arrays-y-hashing,Difícil,NeetCode All,https://leetcode.com/problems/naming-a-company/,https://youtu.be/NrHpgTScOcY,,pendiente
451,502,ipo,IPO,Heap / cola de prioridad,09-heap,Difícil,NeetCode All,https://leetcode.com/problems/ipo/,https://youtu.be/1IUzNJ6TPEM,,pendiente
452,1489,find-critical-and-pseudo-critical-edges-in-minimum-spanning-tree,Find Critical and Pseudo Critical Edges in Minimum Spanning Tree,Grafos avanzados,12-grafos-avanzados,Difícil,NeetCode All,https://leetcode.com/problems/find-critical-and-pseudo-critical-edges-in-minimum-spanning-tree/,https://youtu.be/83JnUxrLKJU,,pendiente
453,1359,count-all-valid-pickup-and-delivery-options,Count all Valid Pickup and Delivery Options,Programación dinámica 1D,13-programacion-dinamica-1d,Difícil,NeetCode All,https://leetcode.com/problems/count-all-valid-pickup-and-delivery-options/,https://youtu.be/OpgslsirW8s,,pendiente
454,1547,minimum-cost-to-cut-a-stick,Minimum Cost to Cut a Stick,Programación dinámica 2D,14-programacion-dinamica-2d,Difícil,NeetCode All,https://leetcode.com/problems/minimum-cost-to-cut-a-stick/,https://youtu.be/EVxTO5I0d7w,,pendiente
